lat,lon
"12.9197565816171","77.5923588994416"
"12.9226893214618","77.5933845451659"
"12.9231859777075","77.5887716805949"
"12.9279596029171","77.5876041867249"
"12.9284826437007","77.58420959115"
"12.9317783285","77.5839063618"
"12.9361068271","77.5839236286"
"12.9366643075","77.5766457058"
"12.9367205700067","77.5721701369447"
"12.9395624343","77.5721522514"
"12.94189","77.57358"
"12.9457424115","77.5707005896"
"12.94914747783","77.567561017579"
"12.9518947285","77.5674634986"
"12.957194522","77.5682954863"
"12.95850855","77.57402561"
"12.96161187","77.57527904"
"12.96366","77.56843"
"12.9681187418378","77.5680068206731"
"12.97736","77.57074"
"12.9817447954723","77.574481312945"
"12.9899747663903","77.572098665973"
"12.9978901319732","77.5713099939793"
"12.99966","77.57128"
"13.005030714","77.5711547211"
"13.0090816878","77.5710476004"
"13.01565694","77.56289701"
"13.017420746122461","77.55707759428026"
"13.01856","77.55320"
"13.02311","77.55029"
"12.9064924294071","77.5776125399524"
"12.9071376264641","77.5856277850601"
"12.9111515544","77.5856779609"
"12.9153368901","77.5856925454"
"12.9174407478","77.5835442636"
"12.9237699229","77.5837743469"
"12.916211","77.615991"
"12.916535","77.608779"
"12.9164504021527","77.6067753888095"
"12.9164701153754","77.6043445058414"
"12.9165617812895","77.5995681387583"
"12.917515854479685","77.59505767393114"
"12.9217955556828","77.5969113038296"
"12.9266364529931","77.5970395034122"
"12.9269371964182","77.5924136515609"
"12.9269082684586","77.5897355560392"
"12.973503","77.582949"
"12.9737512954","77.586767273"
"12.9698050953","77.5872509088"
"12.96459373","77.58816043"
"12.9608759377","77.5882853195"
"12.95446","77.59148"
"12.95836876","77.5929835"
"12.9674725762046","77.5994390878679"
"12.9698730761906","77.6029042488889"
"12.9720408","77.61065209"
"12.97640668","77.60853047"
"12.9830382138989","77.6032352181259"
"12.98389098","77.59763625"
"12.9789189901","77.5925345253"
"12.97543","77.58645"
"12.8954248058008","77.5522463865215"
"12.8961664673146","77.5485178576245"
"12.8976035001522","77.5462201163579"
"12.8990713078011","77.5437220869559"
"12.9049496166","77.5433301553"
"12.9069658550541","77.5459173927738"
"12.9092132341356","77.5492530819738"
"12.911746062612","77.5525682756659"
"12.91153153402","77.5555543528847"
"12.9120117736236","77.5585499293628"
"12.9156865847009","77.5616728897017"
"12.9138894193","77.5668682996"
"12.9175629124167","77.5734471158981"
"12.9176249821","77.5773779489"
"12.91998","77.58013"
"12.91747","77.62423"
"12.9250663610466","77.6189798180655"
"12.9292936809","77.6214331482"
"12.9308975867092","77.6221266193162"
"12.9350559041","77.6240192167"
"12.9381218366","77.6280230843"
"12.9386060592","77.633225061"
"12.94598","77.63996"
"12.9523257259","77.6400564797"
"12.9569417238","77.6413058862"
"12.96055591","77.64141459"
"12.9637509305","77.6414803974"
"12.9665001401509","77.641334856271"
"12.9694406999685","77.6412141592392"
"12.9737052664321","77.6409116375754"
"12.9781894293","77.6402802765"
"12.978089566662","77.6359556004383"
"12.978241438810007","77.63198642591169"
"12.978018","77.628324"
"12.9728378682949","77.621671534072"
"12.9754740279","77.6134497207"
"12.9772753345665","77.6078696411928"
"12.9746610671","77.5819961261"
"12.9770464894431","77.5859164592567"
"12.978062","77.572342"
"13.0107668722415","77.5067250900116"
"13.0139706843","77.5089234486"
"13.0170412268","77.5058460329"
"13.0202670023","77.5079948176"
"13.0249445233","77.5109549705"
"13.0265822408254","77.5147200617649"
"13.0285953620956","77.5195686195263"
"13.0350020451929","77.5179111770754"
"13.039625308193823","77.51822920291522"
"13.04299089","77.5124183"
"13.0460511012537","77.5074918591098"
"13.0511002806152","77.5076984613592"
"13.0562517699","77.5073038973"
"13.063843","77.505073"
"13.0668690461258","77.5032413827418"
"13.0734588211303","77.5030843996981"
"13.0755066779","77.50461163"
"13.0819034579747","77.5002161861082"
"12.95521833","77.68778156"
"12.95643585","77.69509886"
"12.95693","77.70178"
"12.95647795","77.70905589"
"12.9582354904395","77.7155640221852"
"12.9611035064","77.7164579462"
"12.9651556590154","77.7182496208807"
"12.9781837149316","77.7114300218927"
"12.9777191230945","77.7150244916221"
"12.9766568495804","77.7267842661891"
"12.9836607694662","77.7284611729069"
"12.9879409972407","77.7337396116193"
"12.987639165538","77.7373727362813"
"12.9853534332523","77.7479886796028"
"12.98260711","77.75221137"
"12.96934503","77.74999166"
"12.95695765","77.74543921"
"12.9569131","77.73978427"
"12.95604268","77.73068212"
"12.95571269","77.72050289"
"12.95582602","77.71367471"
"12.9114097171","77.5741377566"
"12.9108850099","77.5789394137"
"12.9056105771291","77.5690436930723"
"12.907533925","77.5713143963"
"12.9182","77.5733"
"12.9138101711892","77.5674308493233"
"12.9094217870598","77.5653938159416"
"12.9051648841249","77.5627168543969"
"12.902954","77.561565"
"12.90086","77.55987"
"12.8988754191","77.5583100412"
"12.896358215994","77.5521097812413"
"12.97152762","77.60672572"
"12.96580821","77.60687003"
"12.96347424","77.60682366"
"12.95249647","77.60487302"
"12.94455123","77.60283669"
"12.93557206","77.60149512"
"12.9257646482","77.6004831679"
"12.91949205","77.60016424"
"12.91394365","77.60012383"
"12.90830179","77.60039072"
"12.9007721","77.60115104"
"12.89651799","77.60008346"
"12.8902041","77.5981027"
"12.887442","77.597034"
"12.88070285","77.5959377"
"12.874185","77.594659"
"12.87119325","77.5936447"
"12.86628369","77.59193714"
"12.86195091","77.59047392"
"12.8551655","77.58881403"
"12.85057711","77.58843441"
"12.84642508","77.5883265"
"12.84146763","77.58861309"
"12.83543","77.58912"
"12.83260399","77.58909187"
"12.83053139","77.5881611"
"12.82564977","77.58632219"
"12.81564763","77.58317322"
"12.81364433","77.58101253"
"12.80572254","77.57900176"
"12.80064982","77.57781608"
"12.9791073316173","77.5106893306258"
"12.972424597671","77.507900189381"
"12.966771697496","77.5050348297882"
"12.9602591973","77.5049728062"
"12.96094557","77.50972370"
"12.9580731131","77.5099148601"
"12.9569323193693","77.5158314680568"
"12.9596976483107","77.5197751157473"
"12.9593768460442","77.5216505504991"
"12.9583006987302","77.5264990663102"
"12.9583657254","77.5288030598"
"12.960409401","77.529523233"
"12.960007260431","77.531479891572"
"12.9579615806462","77.5340494826403"
"12.951521","77.537268"
"12.95357632","77.54215453"
"12.95576633","77.54564716"
"12.95724423","77.55133839"
"12.9604612","77.55693463"
"12.96328","77.56717"
"12.964049","77.577499"
"12.96393155","77.58425661"
"13.0265504122","77.6383386925"
"13.0263655653666","77.6364009012997"
"13.03161234","77.63600713"
"13.02563268","77.63170509"
"13.0213929963494","77.6299128841016"
"13.0152573064","77.6289124042"
"13.0122261984856","77.6258237523957"
"13.00847","77.62294"
"13.0061727577252","77.6210301136742"
"12.9955239918196","77.6167961574939"
"12.9910735041","77.61426704"
"12.9859104194","77.6154710166"
"12.9791990295","77.6150634885"
"12.97370413","77.6136414"
"12.9646651447","77.5549010374"
"12.9631460924","77.5590106007"
"12.96162","77.56075"
"12.9150644848611","77.5522298148434"
"12.9140567595011","77.5499971032029"
"12.9127755482","77.6380090322"
"12.917437","77.638223"
"12.92512051","77.63691743"
"12.92482847","77.63459642"
"12.9241064563","77.6308006793"
"12.9271197486003","77.6215891432537"
"12.926089414491","77.5502994550546"
"12.9305098113","77.5535196997"
"12.9362775665","77.5596184563"
"12.9376141785696","77.5577776227898"
"12.9417131485616","77.5556886899016"
"12.94184","77.55324"
"12.9430989269","77.5426519755"
"12.9514347731227","77.5371147674969"
"12.9577823349965","77.5338304262479"
"12.9648426734","77.5347022433"
"12.9678038321","77.5361144263"
"12.9719527904","77.5376221631"
"12.974431","77.54451"
"12.97889215","77.54065813"
"12.981106","77.535581"
"12.98432339","77.52803302"
"12.987259","77.519228"
"12.98781438","77.5153472"
"12.9920521753105","77.5045882047209"
"12.9943562765","77.5041714963"
"12.9960294098096","77.5024757034255"
"12.999754394348","77.5039556699754"
"13.00540548804","77.5050712454059"
"13.0079324555196","77.5055348989669"
"12.9087427359924","77.5360993863397"
"12.9031718385669","77.5211657435288"
"12.9097278656324","77.5209439881808"
"12.9147559662792","77.5206086455884"
"12.919581","77.520303"
"12.9227341442083","77.5183255102379"
"12.924834403709","77.5178525351756"
"12.9271689053675","77.5110982818663"
"12.9283958292623","77.5141714849855"
"12.9329858110307","77.5161832203805"
"12.9361908","77.51639508"
"12.9359533545","77.5126559939"
"12.9421360977","77.5056441966"
"12.9438268952","77.5044993125"
"12.9490639083","77.5010607205"
"12.95176","77.50015"
"12.95199","77.49796"
"12.95035","77.49131"
"12.94946","77.48908"
"12.95061","77.48675"
"12.95135","77.48446"
"12.95551","77.48018"
"12.961506","77.478696"
"12.96243","77.47524"
"12.9225098714","77.4861416873"
"12.92237251","77.48444049"
"12.91611473","77.48218418"
"12.91229468","77.48073544"
"12.91048265","77.48319013"
"12.91390887","77.48630136"
"12.91856635","77.49101582"
"12.92549401","77.49936587"
"12.93094676","77.50609263"
"12.93579871","77.51334378"
"12.95407042","77.59298565"
"12.8657823266983","77.5810030849429"
"12.8677367921578","77.581841243159"
"12.8706907581036","77.5831441671187"
"12.8776220047945","77.5839204067855"
"12.8812725457672","77.5837247934118"
"12.8846360586263","77.5825735923065"
"12.888036571385","77.5818479011293"
"12.8920887894301","77.5818188520977"
"12.8981187008","77.5824441388"
"12.9856594688952","77.6641256561944"
"12.9871767889665","77.6623509300631"
"12.9845349491","77.6613312587"
"12.980700585756","77.6567336425576"
"12.97587","77.65566"
"12.9711572944759","77.6591127306904"
"12.9667181027513","77.6612821013006"
"12.96721","77.65797"
"12.9675702561422","77.654695251161"
"12.9684739764049","77.6499416809637"
"12.9736559749019","77.6468255499328"
"12.9784490374584","77.646058922756"
"13.0214405093762","77.7001189507868"
"13.024101551708","77.6929488993631"
"13.021965","77.687973"
"13.0206251376668","77.6835177961978"
"13.0211715501162","77.6790663878028"
"13.0181535316902","77.6718515332859"
"13.0130227748","77.6627497282"
"13.002616223802","77.6612176903216"
"12.997112833","77.6628648117"
"12.9918151996919","77.6516279315181"
"12.9848842322052","77.6432201767812"
"12.9836366497821","77.6406822874548"
"12.976970952","77.6410683431"
"12.974063938733","77.6411662884823"
"12.9683920741","77.6414830796"
"12.9632524587","77.6417480316"
"12.951181177","77.6397056971"
"12.9411185949155","77.5397700151701"
"12.9409443751348","77.5451242750946"
"12.9430679139","77.544502113"
"12.9422528337661","77.5484562572523"
"12.94189","77.55326"
"12.94178","77.55587"
"12.9434716661907","77.558486554229"
"12.94353492579797","77.56210137176515"
"12.9440335457543","77.5641924088821"
"12.9465143150343","77.5641814325709"
"13.0455367265411","77.5055545144687"
"13.0408676171254","77.504874711254"
"13.0386169338844","77.5045504332105"
"13.0336009734817","77.5041360893561"
"13.0314991383208","77.5035461729168"
"13.0289903004","77.4979199376"
"13.0248451978","77.4863950722"
"13.0166850499367","77.4832306018827"
"12.9980656490016","77.4894107811297"
"12.9932820518","77.4886105768"
"12.9918187593006","77.4851993783945"
"12.9850319473465","77.4820096016527"
"12.9899866161978","77.6549179491323"
"12.9863732397957","77.6481509866533"
"12.9836770434171","77.6494214294464"
"12.9341514967","77.5398678426"
"12.93733","77.54907"
"12.9386027980497","77.5535439434632"
"12.9382627772778","77.5565258272691"
"13.07678123","77.5259556435"
"13.0725274869737","77.5236236031703"
"13.0711771392235","77.5277685623628"
"13.0707920907022","77.5295611922577"
"13.0637407629436","77.5306547046034"
"13.0609400681796","77.5312537150357"
"13.0568340607","77.5327361841"
"13.0550436409221","77.534696929542"
"13.05296090688","77.5302724316238"
"13.0500598066","77.5254900288"
"13.0463522393","77.5223884732"
"13.0384499487","77.5183223281"
"13.0349750492869","77.5180530152307"
"13.0281588586524","77.5189786542219"
"13.0265658974519","77.5149225018528"
"13.0242868792","77.5108279847"
"13.0204510689","77.5082448497"
"13.0163185392","77.5059616193"
"13.0138224465065","77.5089186834865"
"13.09781176","77.39435376"
"13.09727411","77.40134266"
"13.094276351329476","77.40543426721194"
"13.09029465","77.40924096"
"13.08747502","77.41254238"
"13.08029459","77.42402231"
"13.07793031","77.4307192"
"13.07538406","77.43640073"
"13.07070795","77.44490398"
"13.06579601","77.4536598"
"13.06125751","77.46130707"
"13.05909673","77.46596618"
"13.05673306","77.47472303"
"13.05525801","77.47985503"
"13.05399823","77.48329817"
"13.05248402","77.48740819"
"13.0507814","77.49217817"
"13.04910399","77.49684171"
"13.04730298","77.5017016"
"13.04522565620011","77.50835934429267"
"12.94413354425143","77.55429077911378"
"13.0671682768","77.5934822671"
"13.06654","77.59607"
"13.0657345534545","77.6007132555711"
"13.06950","77.60158"
"13.068805709219","77.6035392112272"
"13.0666686737253","77.6096754790066"
"13.0658241179193","77.6201388447411"
"13.0613128468","77.6204130705"
"13.0581614140036","77.6236002576182"
"13.0560138576342","77.6323665476868"
"13.0524894756681","77.631312981118"
"13.0472492563972","77.6285954656565"
"13.0405076374148","77.6245555082264"
"13.043678815969","77.5905063063303"
"13.0494801649659","77.5926207091783"
"13.0656375449018","77.6007677801963"
"13.0672668237534","77.5935926701177"
"13.0430135597","77.5900968164"
"13.10596804","77.57251698"
"13.10708131","77.57586258"
"13.10330364","77.57682714"
"13.09940","77.57693"
"13.09586","77.57913"
"13.09422","77.58269"
"13.09759","77.58419"
"13.09971085","77.58864113"
"13.0977866","77.59178063"
"13.09403406","77.5943898"
"13.08668705","77.59387244"
"13.07687","77.59300"
"13.07278","77.59274"
"13.06658","77.59335"
"13.05679568","77.59364486"
"13.0497349723588","77.5929638024944"
"13.03897751","77.58964847"
"12.8988066874","77.5581368711"
"12.9029328319262","77.5617779737325"
"12.9056221996423","77.5628694161083"
"12.9095642430678","77.5652525401094"
"12.96111122","77.63817474"
"12.96006425","77.6472361"
"12.95968934","77.65072057"
"12.9592778","77.65805598"
"12.9593182","77.66035173"
"12.9582887688907","77.6679258791946"
"12.9716389719","77.6582970936"
"12.9758122863691","77.6555131757699"
"12.9836439765092","77.6491611509862"
"12.9919357505","77.6517878752"
"12.9944098368","77.6580273639"
"13.0027314850597","77.661035267609"
"13.0132232263595","77.6627848272557"
"13.0120903053287","77.6677964740646"
"13.0115346653959","77.6769405044932"
"13.0117616652912","77.6787970856894"
"13.008053","77.683226"
"13.0055243628425","77.6846743054182"
"12.9070150474821","77.6002130061659"
"12.90754457","77.5950106233"
"12.9098547902","77.5950978789"
"13.072202364","77.6337613352"
"13.0678198095694","77.6336955254445"
"13.0562459128959","77.633004081593"
"12.978678","77.573219"
"12.962238129517214","77.56915562218626"
"12.9611695558","77.5688594207"
"12.9561053775","77.567516556"
"12.9533929937","77.5676280353"
"12.9467992266916","77.5678327699212"
"12.9432467982958","77.5658657406716"
"12.9416300320398","77.5620185875235"
"12.941532","77.559671"
"12.7973839827","77.3847758956"
"12.7997756334647","77.3908267311295"
"12.8021537372","77.3979022506408"
"12.7891754206571","77.3985443012102"
"12.7863411426696","77.3999205919035"
"12.7812492382","77.4039722979"
"12.7796387393","77.4050292559"
"12.77390060322","77.40965911479"
"12.7692484577991","77.4133322552264"
"12.77609","77.42027"
"12.79544","77.42340"
"12.8107021563","77.4160248041"
"12.81500","77.40724"
"12.8120655113053","77.4040384236135"
"12.8035066277","77.3984627891"
"12.7994730218253","77.3907259064491"
"12.796598093641","77.3845269239009"
"13.13447135","77.66782129"
"13.12232626","77.66836049"
"13.10607078","77.66086757"
"13.09290093","77.65453705"
"13.06466139","77.65192386"
"13.06156724","77.64892223"
"13.056926","77.64826829"
"12.9176150183253","77.5596909614448"
"12.9228205048","77.5602472667"
"12.9269235302","77.5613870379"
"12.9292645119","77.5641326141"
"12.9263340309","77.5698779896"
"12.9217735212","77.5705823209"
"12.921023","77.573318"
"12.926572242045216","77.57694275825122"
"12.93032021","77.57629689"
"12.93233559","77.58004768"
"12.9390512221","77.5799340103"
"12.944399463","77.5799635984"
"12.9495261854038","77.5798964898135"
"12.9536740969716","77.5798819155073"
"12.96354088","77.5850038882"
"12.9685279448","77.5864692125"
"12.972107688","77.5824879762"
"12.9176577398307","77.5643327485455"
"12.95479395","77.59255908"
"12.95844066","77.59301104"
"12.9058814328","77.5580187701"
"12.9085342318209","77.5616586352955"
"12.9185465723","77.5574022811"
"12.91696","77.55939"
"12.9176689871","77.5645234622"
"12.9283355456","77.5567042362"
"12.9261805583","77.5535514671"
"12.9237692524","77.5541000627"
"12.9111157637","77.5644614361"
"12.912998","77.564794"
"12.9123135846327","77.5371301038869"
"12.9135427803658","77.540854836341"
"12.9194050143413","77.5421845639245"
"12.9262316879","77.5445174519"
"12.9250089023591","77.5508426665613"
"12.9121157248","77.561911745"
"13.0331773963","77.554171728"
"13.034203","77.557762"
"13.0294036534176","77.559359366379"
"13.0256143212","77.5576726813"
"13.0203825049","77.5558357872"
"13.01879","77.55781"
"12.90354","77.56807"
"12.9298503909929","77.5861388739407"
"12.92716","77.58969"
"12.9271084066086","77.5929766663388"
"12.9263383057","77.5972074363"
"12.9219916184","77.5970787741"
"12.9168577865","77.5974690355"
"12.9141364","77.60011068"
"13.0409954488","77.5189170241"
"12.9328476079","77.5894145295"
"12.9374320898","77.5849452149"
"12.9435617756","77.5848385133"
"12.8020568891727","77.7047334003454"
"12.8071208764087","77.6987066951118"
"12.8108153102898","77.6957207283452"
"12.8183296805057","77.6898556447398"
"12.8271580607569","77.6824885723748"
"12.837271878598","77.6789832217516"
"12.8397195181625","77.6773380844436"
"12.848213017","77.6707657613"
"12.8541179001","77.6661175769"
"12.85872647","77.6624131"
"12.87069872","77.65292842"
"12.87873262","77.64657216"
"12.889887","77.6396839"
"12.89627974","77.63574793"
"12.90534806","77.63018404"
"12.91189777","77.62612268"
"12.9200474252829","77.6207184867769"
"12.92582","77.61726"
"12.92870787","77.61535862"
"12.9319622274","77.6131606288"
"12.9360472915805","77.607119230087"
"12.9385107967042","77.5982451113375"
"12.9443162720631","77.5969624795202"
"12.9466232657","77.5960406754"
"12.9506564699","77.5958107598"
"12.908627","77.603704"
"12.9077279661","77.6110316254"
"12.913952","77.609999"
"12.926807","77.51102"
"12.928055","77.604467"
"12.92629948","77.60053595"
"12.9057231407013","77.5856660983534"
"12.93244215532","77.5678203537628"
"12.9290138092","77.5735209323"
"12.9356233589","77.5737367664"
"12.93441","77.56585"
"12.9379618261","77.5689703133"
"12.87946585","77.75387608"
"12.887087496201","77.7384159739602"
"12.873079","77.734019"
"12.861552","77.732685"
"12.843226","77.727921"
"12.852662","77.730199"
"12.8428724462103","77.7275375215779"
"12.8376919232142","77.7245787416477"
"12.8207538918994","77.718801670454"
"12.817503","77.709151"
"12.8028346547821","77.7046379389013"
"12.7865445903621","77.7033236358058"
"12.7788519301","77.7021662146"
"12.769420445","77.701504631"
"12.7522050217","77.7067289036"
"12.746658","77.707681"
"12.73567","77.708137"
"12.731442","77.706549"
"12.724703","77.704064"
"12.71014","77.697688"
"12.709206","77.6983"
"12.732044","77.670709"
"12.7299790643","77.6875951979"
"12.7468120094833","77.6897852555065"
"12.7521260949458","77.7065466862681"
"12.7699944377","77.7013226599"
"12.7790658362","77.7020550705"
"12.9301350846743","77.5396913184673"
"12.824988","77.76605"
"12.8302500939923","77.7566276130961"
"12.832601292939","77.7476843131096"
"12.9294365924","77.5350315683"
"12.93043","77.53386"
"12.9319050718887","77.5328532557067"
"12.93805","77.53366"
"12.93505","77.53694"
"12.9336273763","77.539477665"
"12.9329958965837","77.5454219402266"
"12.9230048228","77.5295943115"
"12.9294627888349","77.5346745383929"
"12.84296","77.687424"
"12.8345007257335","77.6972429343693"
"12.8376653638132","77.7161698670602"
"12.9483603314","77.559123924"
"12.9491561146686","77.5627259047386"
"12.9472945724","77.5663816463"
"12.86140535","77.78545953"
"12.860755","77.783635"
"12.8446051245426","77.7831422867478"
"12.8422353941905","77.7837883729816"
"12.8374544260023","77.7850772919915"
"12.8351338898314","77.7853619810268"
"12.8278210753637","77.7863021767575"
"12.8235330031703","77.7861207515903"
"12.8157903798204","77.7853458355324"
"12.8060205281","77.783605624"
"12.791049","77.776323"
"12.7819639927124","77.7719396771223"
"12.7785623549673","77.7701362804377"
"12.768507","77.770191"
"12.763218794221","77.7670644654893"
"12.757195523","77.7617439441"
"12.7540029861972","77.7559559394486"
"12.7504107915","77.7480088547"
"12.735411","77.730822"
"12.7310208511","77.7268194873"
"12.7243117243579","77.7208699480699"
"12.7170799021","77.7089252137"
"12.7091513916252","77.6967182787895"
"12.9432863463","77.5430342741"
"12.9432856466578","77.5444943025862"
"12.9423299711","77.5486286078"
"12.9449522495","77.548755426"
"12.94844524","77.5527819246"
"12.9484228604","77.5493590906"
"12.9434504639","77.5367844757"
"12.9443970240362","77.5547207401687"
"12.9483529553","77.543383548"
"12.9411146817542","77.5450312175464"
"12.943108","77.544869"
"12.8003617376","77.8015949484"
"12.9380825240388","77.5337524901504"
"12.9362003691","77.5278672203"
"12.9384748448882","77.5288206925582"
"12.91845","77.52730"
"12.9218021873","77.5509362295"
"12.9227835581615","77.5490759932139"
"12.9232955004409","77.5404060947052"
"12.91954","77.54210"
"12.9240384791","77.5436442252"
"12.950452828846","77.5554564623837"
"12.9541313555","77.5568519253"
"12.95689","77.55929"
"12.95704558638","77.5628821027811"
"12.950606","77.555413"
"12.9577589594","77.5595569331"
"12.9610147997741","77.5509060021018"
"12.960152328","77.5549818389"
"12.9691264179433","77.5545455851508"
"12.9695554823","77.5565818604"
"12.9686207055788","77.5592572235649"
"12.9645654560795","77.5618709051194"
"12.9719415151859","77.5291726225653"
"12.9756097691131","77.5311374120476"
"12.975532060959948","77.53659428804019"
"12.9718423169","77.5378719438"
"12.9676027503","77.5363256503"
"12.9637070093","77.5345491059"
"12.9699581489","77.5321226288"
"12.9466993372544","77.5258822031766"
"12.9495830834","77.5267696101"
"12.9511681013","77.5270116795"
"12.9527417198","77.5272909645"
"12.95806","77.52662"
"12.9530321527","77.5216930266"
"12.9545313299145","77.5225990828419"
"12.9573769738107","77.5233423666524"
"12.958928707613","77.523609942582"
"12.9592077713","77.5267686881"
"12.96816","77.52852"
"12.9655021140522","77.5304299921948"
"12.9646096697614","77.5322236188249"
"12.9588715732","77.5354763959"
"12.9621371627","77.5375233404"
"12.9885625374","77.533686189"
"12.9874479119","77.5374785811"
"12.9822098091","77.5372959394"
"12.98607","77.55636"
"12.984882744293887","77.55408166507413"
"12.9892352111788","77.5542717624473"
"12.9914277233","77.5525558647"
"12.9944013538408","77.5526553249175"
"12.9979069267435","77.5512900296054"
"12.9986799974","77.5563046709"
"12.99722","77.56062"
"12.99642","77.56406"
"12.9968717694","77.5688398071"
"12.994235933493","77.573859287467"
"12.9887115977005","77.5751610558979"
"12.98717","77.57870"
"12.98418","77.58711"
"12.9854600597","77.5884196814"
"12.9904147703","77.5889500882"
"12.99271569","77.59496712"
"12.99385097","77.59725653"
"12.98965218","77.59936485"
"12.945752","77.51988"
"12.954014306740685","77.54377264497066"
"13.0118465396922","77.5441265691379"
"13.0084798570855","77.5442982601023"
"13.0078197749519","77.5481991277733"
"13.003786169","77.5500612427"
"13.0011337399243","77.5504613477858"
"12.9961142968","77.5514678936"
"12.9942033067","77.5527288672"
"12.9917069852416","77.5526744266124"
"12.9899264406","77.5548432861"
"13.0113902461673","77.5357934401913"
"13.0091701125287","77.5382658740811"
"13.00839","77.54265"
"13.0156606178598","77.5234808020206"
"13.0155748129","77.5261843018"
"13.0187222175","77.5262234453"
"13.0214915983","77.527086027"
"13.021691295099","77.5352705064593"
"13.0184801482","77.5408464298"
"13.0155811960922","77.5439644792972"
"13.0147913433517","77.530837728718"
"13.01406","77.53276"
"13.01764","77.53422"
"13.01156","77.55136"
"13.0077442702257","77.5488783794804"
"13.0177657","77.5567529"
"13.0130909197","77.5544962753"
"13.0095800898435","77.5545782093662"
"13.0054838437853","77.5568257181964"
"13.0047525093596","77.559979851609"
"13.0042320809432","77.5613209187739"
"13.0012440239689","77.5607625854414"
"12.998952332934","77.5601528052075"
"12.991436692","77.5640730187"
"12.9886659461657","77.5666020762526"
"12.993803","77.573942"
"13.001810303","77.5253277551"
"13.0118719395","77.5286963582"
"13.01487","77.53055"
"13.0180200655","77.5315270945"
"13.0059110653","77.5411473401"
"13.0032350112938","77.5438159583709"
"13.000789652992","77.536062235684"
"12.9990367900299","77.5419547818341"
"13.0022260588858","77.544881022172"
"13.009922606332461","77.5326776371353"
"13.010934","77.534536"
"13.0286869","77.53990578"
"13.0247450341","77.5340353791"
"13.0067189962495","77.5325646063626"
"13.0029153731","77.5261352677"
"13.0087406281","77.5305145606"
"13.01632","77.53209"
"13.0186689086","77.5320132449"
"13.01656","77.53397"
"13.0082725777458","77.52661273333"
"12.9892916006767","77.5425034957548"
"12.991469549","77.5428882614"
"12.9913641228367","77.5461001594046"
"12.9890260361532","77.5468476174234"
"12.9877128638","77.5509078149"
"12.9996359848464","77.5306020593295"
"13.0070713035069","77.5345676889574"
"13.0218206277349","77.5531870590001"
"13.02018","77.55537"
"13.0178605579","77.558144331"
"13.0141985882","77.5602254737"
"13.0092243478","77.5631228462"
"13.007277064","77.564277621"
"13.0002653336502","77.565476714817"
"12.99434","77.56927"
"13.03052","77.54934"
"13.03268","77.55393"
"12.9927798919","77.5306286383"
"12.9922446034851","77.5347706763052"
"12.992358366","77.5385998283"
"12.995735351","77.5398873724"
"12.9947768804","77.5267073326"
"13.046407057","77.572604036"
"13.0425661424514","77.5666972619978"
"13.036277242903","77.5667369759655"
"13.0338436202401","77.5688484072775"
"13.0269433558","77.5718743075"
"13.0152095295","77.5728315208"
"13.0085703079","77.5802864693"
"13.006151123","77.5794438366"
"12.9997240473","77.5842970423"
"13.03297","77.59131"
"13.03002086","77.58701231"
"13.0268333104544","77.5864943778998"
"13.0263102289968","77.589098535087"
"13.024358","77.592839"
"13.0220453414475","77.5925901368664"
"13.0174405828187","77.5918496221246"
"13.013597","77.593661"
"13.0117182154","77.5933557004"
"13.00917837","77.59123183"
"13.0067990441","77.592745414"
"13.0018609297","77.5944668055"
"13.0198500026","77.6077437401"
"13.0214576386052","77.6046353214851"
"13.0220447670728","77.6024356077672"
"13.0239751643592","77.5986717831884"
"13.0119855220924","77.6176428465257"
"13.010467384","77.615152169"
"13.0066415826488","77.6125461305347"
"13.0023704629642","77.6121862223618"
"13.0011554041489","77.612180618213"
"12.9954445816083","77.6084019713916"
"12.991635846","77.6046056394"
"13.0265991669239","77.604044611598"
"13.0221107695","77.6026272587"
"13.0286628194","77.6018495858"
"13.026588323118","77.6039092579361"
"13.00289","77.60334"
"13.00462","77.59976"
"13.0005462281","77.599671213"
"12.9954547918785","77.6013351242356"
"12.9948971559757","77.6288153011402"
"12.9937942179879","77.6266327504871"
"12.9962160496245","77.6215643346197"
"12.98368012","77.6035693"
"12.9615430430905","77.6381592055401"
"12.9656985353488","77.657875838262"
"12.9541212845823","77.6227132980088"
"12.95618999","77.62089456"
"12.9623260600956","77.6187350886114"
"12.961414125681","77.6143743807039"
"12.9645954911","77.6101399586"
"12.96553533596","77.6027927241769"
"12.9607797135","77.6005055476"
"12.9618604761","77.5977855362"
"12.9624428714962","77.5909940915988"
"12.96095","77.58773"
"12.9381627939832","77.6328057357847"
"12.9466640018","77.6286983304"
"12.9497953132","77.6263900381"
"12.9505740987876","77.62376298092"
"12.95143","77.62244"
"12.9454788007","77.6228701416"
"12.94931","77.62027"
"12.94260992","77.62247524"
"12.94496622","77.61964278"
"12.9576920654822","77.6143439224729"
"12.9538758751","77.6169975288"
"12.9582259152","77.6147801802"
"12.9515960813","77.6077589951"
"12.9193948909708","77.6151009374951"
"12.9195513949","77.6128848642"
"12.9221934546","77.6103219297"
"12.9250738000698","77.6087410944905"
"12.9287363946026","77.6093188867325"
"12.9310676269","77.609784063"
"12.92069","77.60533"
"12.93894469","77.60972866"
"12.9438501968568","77.6059405802575"
"12.9442565261695","77.6033180374975"
"12.946545986533","77.6002529662034"
"12.9473503018374","77.5982841703754"
"12.9513778165","77.5951920077"
"12.9194895364","77.6151147019"
"12.945309151","77.6227190159"
"12.958299635051","77.5259712932661"
"12.95141","77.52994"
"12.95483","77.53493"
"12.9380218405","77.5698452163"
"12.999577","77.530624"
"12.998839750063","77.5417202418846"
"13.024731623","77.6034532115"
"12.9620996665","77.5375952603"
"12.9170802963204","77.6217106410866"
"12.9137988554883","77.537567241959"
"12.9070312623","77.5994800217"
"13.0178708148621","77.5565647798569"
"12.960407","77.576347"
"12.95633805","77.57385819"
"12.95352974","77.57385973"
"12.94888559","77.57382583"
"12.94159052","77.57391823"
"12.9406000301","77.5760450587"
"12.93568464","77.58019997"
"12.9276755545","77.5835826527"
"12.9225728642309","77.5837942150779"
"12.9209943395","77.5837977324"
"12.9185405410047","77.5837355910378"
"12.9148315452","77.5858679786"
"12.9097958148707","77.5857998773101"
"12.9070172933342","77.5858181865849"
"12.8970752730025","77.586183391031"
"12.8920646170572","77.5819355674869"
"12.8881949882659","77.5819944897381"
"12.8847438056379","77.5826979248919"
"12.8814923990134","77.5837936399824"
"12.877478339732","77.5840206024321"
"12.8708311662823","77.5832832634143"
"12.867831166206","77.581917562413"
"12.8657451261196","77.5812341598084"
"12.8776573855","77.4965986982"
"12.8816955159585","77.5013465595226"
"12.878642","77.514936"
"12.8760835122814","77.5332021770163"
"12.87495","77.53718"
"12.8741920590399","77.5406336580899"
"12.88106529","77.54622172"
"12.88430735","77.55151829"
"12.88560146","77.55573325"
"12.89070679","77.56459892"
"12.8941492","77.5683058"
"12.89811937","77.57179971"
"12.9005492","77.57301517"
"12.909462","77.572855"
"12.8719609603","77.4618052505"
"12.8746218757922","77.4612468104906"
"12.8805648370006","77.4593359612943"
"12.8871162659783","77.458747691607"
"12.8924006799118","77.4574461787095"
"12.8964744549296","77.4607825146586"
"12.9009661616707","77.4670353515527"
"12.90477465171","77.4706548703156"
"12.9071372548267","77.4742181265853"
"12.8887924924","77.4774715304"
"12.9043003136466","77.4756990730118"
"12.912867","77.473437"
"12.91916","77.472305"
"12.9223428969189","77.4748789812223"
"12.9159999033599","77.4799186110842"
"12.914756916955","77.4812396539328"
"12.94550","77.46799"
"12.942196524755","77.47922111320486"
"12.941391389416493","77.47918356227865"
"12.9236431889465","77.4729542378362"
"12.9135010538001","77.4504670137783"
"12.9194310901156","77.4559371516805"
"12.92376","77.47254"
"12.9119918098217","77.4431219717009"
"12.9106576119841","77.4501220997821"
"12.9137328210123","77.4505036787687"
"12.9188384814875","77.4525424048182"
"12.9659828790789","77.4002686388535"
"12.96434","77.40377"
"12.9638822707932","77.4072732417875"
"12.9565906059","77.4107482284"
"12.9421241006576","77.4158570110619"
"12.9368821877257","77.4189478504063"
"12.9384868184718","77.4264318443764"
"12.9347042938985","77.4318431461389"
"12.9348125564531","77.4466541709089"
"12.9344039918142","77.4482087325582"
"12.9331063572","77.4542420078"
"12.9326858541787","77.4615739545199"
"12.930078380343","77.4650941430803"
"12.9354613824566","77.4923500013512"
"12.93203937","77.48782169"
"12.92423931","77.48513225"
"12.92369599","77.4849336"
"12.931291","77.489834"
"12.9385843118426","77.4480361980134"
"12.942964","77.476662"
"12.937548986348321","77.47889124220808"
"12.94215992775056","77.47978974151601"
"12.942144243318438","77.48101819324483"
"12.942107646306325","77.48335707950582"
"12.942531125689342","77.48681712913515"
"12.94159","77.49314"
"12.9452856816","77.495368151"
"12.9483210100097","77.4969524966671"
"12.9516968467064","77.5003697515681"
"12.959032","77.487654"
"12.9582139253466","77.5033226426846"
"12.958192182912","77.509921975778"
"12.9570205869178","77.5158717831291"
"12.9026141482343","77.4980216712528"
"12.9047396034868","77.5047750834154"
"12.9043112800689","77.5123574703841"
"12.9068091419","77.5121956598"
"12.9097748405443","77.5133751636233"
"12.9159392137","77.5133699644"
"12.9194562334482","77.5115879907309"
"12.9200201220099","77.5138680547938"
"12.9224998429189","77.5143618890185"
"12.9038221868117","77.5084854669625"
"12.9066923819","77.521602083"
"12.9171829205","77.5112969521"
"12.9155771687541","77.5137337581242"
"12.9069133989449","77.4993742991198"
"12.9082120207689","77.5094095550334"
"12.9130585526935","77.506775241169"
"12.9157944856599","77.5107993153204"
"12.9198825617136","77.5119219040887"
"12.8918055189914","77.5212504196836"
"12.8979523201","77.512146458"
"12.924843058","77.526602475"
"12.9269724805","77.5200789236"
"12.929863990742","77.5207796517215"
"12.9218741879","77.5088263024"
"12.8102428804631","77.406589003331"
"12.8156213764586","77.4073496392469"
"12.8228534688536","77.4106817857518"
"12.829629248","77.4122009799"
"12.8345341213396","77.414444485034"
"12.8437961731","77.4212977756"
"12.8554914622692","77.4268159746134"
"12.858213385438","77.4290056389966"
"12.8631888104552","77.4336216621738"
"12.86666","77.43666"
"12.8725439217","77.4395273253"
"12.8794301344213","77.4459705229486"
"12.8862136215783","77.4503824798299"
"12.8416592272924","77.3922994633868"
"12.8395875834065","77.3963210118232"
"12.83934","77.39902"
"12.8383000194177","77.4026991898774"
"12.836550308606","77.410706490949"
"12.8232286680087","77.391315353637"
"12.8068046487703","77.4287417137298"
"12.8116338824999","77.4333345492647"
"12.8306403383742","77.4288562284244"
"12.7949056216","77.4314635154"
"12.8015154228","77.4251073506"
"12.84457","77.39997"
"12.7202914283","77.429375248"
"12.8181387484","77.365743611"
"12.8015595954","77.3842085246"
"12.796705","77.385581"
"12.7992010644963","77.437479208724"
"12.8063441534","77.4381299783"
"12.8152973926085","77.4412229320795"
"12.8215872538513","77.4441324555582"
"12.8254910880787","77.449298337572"
"12.8325322364","77.4510382768"
"12.8431441256222","77.4514117822373"
"12.8491238806487","77.4512674075471"
"12.8557374704984","77.4526911837339"
"12.8643068892052","77.4569471637997"
"12.8667696388237","77.4550185648571"
"12.7673491970432","77.4389363504052"
"12.7702575358885","77.4319265235895"
"12.7811329137135","77.4392053973301"
"12.7900831774","77.4411277659"
"12.7921160404","77.4386069085"
"12.7488095645126","77.424189888259"
"12.7954855654","77.3752146587"
"12.79390148058","77.381266171013"
"12.7574205771","77.3974629119"
"12.7566504538385","77.4046866949493"
"12.7768435946717","77.3978851627973"
"12.7285351139","77.4026537407"
"12.7412429694659","77.4015976109354"
"12.6995752161024","77.38446462414"
"12.7019095419709","77.3931674231345"
"12.6930730417","77.4065945763"
"12.7118600719","77.4069009349"
"12.7244006056144","77.3808363030952"
"12.7288763966027","77.3816273908058"
"12.7337783243036","77.3811180374903"
"12.7434067636563","77.3772127573885"
"12.7616399433","77.3765153624"
"12.9038863722","77.4385320581"
"12.8947146276539","77.4368110379281"
"12.8892299028994","77.4378453974683"
"12.8877434676752","77.4443751908074"
"12.8871709774822","77.4511358198002"
"12.8860162385","77.3837809637"
"12.8921526862347","77.3919261363062"
"12.8903021865875","77.3987418221826"
"12.8894619613141","77.4025091626483"
"12.8910975125929","77.4129460684272"
"12.8951786378604","77.4153436054455"
"12.8917993371943","77.4218312793379"
"12.9195525535787","77.3654928294547"
"12.9197768450429","77.3686524123541"
"12.9104904789255","77.3699516201675"
"12.910212807511","77.3736310463189"
"12.9114892200555","77.3829016071181"
"12.9103980213","77.3863985483"
"12.9100877282632","77.3953744071972"
"12.9073161198226","77.4035906812533"
"12.9073501464715","77.418204993844"
"12.9064122191933","77.4287483972776"
"12.9029000960781","77.4302530766011"
"12.8975239432874","77.4327648726757"
"12.8813365381","77.3552298546"
"12.8854328632429","77.3583053978481"
"12.8938574251","77.3615669925"
"12.9022310405506","77.3673514807254"
"12.916096542","77.415420888"
"12.8751672897","77.3529995978"
"12.8814073652","77.3551174533"
"12.9363883960602","77.3649637347018"
"12.9366157763","77.3729340266"
"12.9248197204607","77.3693200888445"
"12.9229426320663","77.3687755012587"
"12.9304839779705","77.3828596484456"
"12.9191784002","77.3821853008"
"12.8941082516617","77.3779193992965"
"12.8872391582","77.3766068928"
"12.9102766514","77.3695441335"
"12.891808353196","77.3762535753889"
"12.8738969815253","77.399495491093"
"12.8761557142771","77.4011402629905"
"12.876967974","77.4165591504"
"12.8808769983132","77.4180009978485"
"12.8489897172329","77.3302847764296"
"12.8548936509994","77.3334993619482"
"12.8565986662425","77.3337062508688"
"12.867081603","77.3345206864"
"12.8715687083184","77.3398520109415"
"12.8773127685473","77.3463357756678"
"12.821400566","77.2878220025"
"12.8312261987119","77.2951618915151"
"12.841326949855","77.3275786063143"
"12.8992740624","77.3369353451"
"12.8796177451","77.340925131"
"12.8769028839618","77.3420142949522"
"12.9070292157228","77.4259884174291"
"12.7995384671","77.318631364"
"12.8010139132577","77.3145900377025"
"12.8034995637637","77.3145832198513"
"12.8150368996429","77.3201762923641"
"12.8210527888172","77.3222776648568"
"12.8303403669428","77.3247135404189"
"12.8392444055434","77.3274191823511"
"12.8267457057","77.3117795773"
"12.8121705819","77.4497723579"
"12.8180908109491","77.4523519839922"
"12.7937486677524","77.4383398701946"
"12.8409255810577","77.4700113388021"
"12.8462482266957","77.4705871220458"
"12.8567583367748","77.4652699780943"
"12.80067595","77.50841491"
"12.8064195907751","77.5031385510287"
"12.8111763338916","77.4923821034402"
"12.8181339707","77.4928572681"
"12.8243460569276","77.489934962452"
"12.830404098658","77.4856147323417"
"12.834886005882","77.4853956893135"
"12.842914","77.486244"
"12.8421561075104","77.4838747228619"
"12.9235866107","77.4491609819"
"12.8767539589362","77.3775358463267"
"12.8664070083942","77.3766563523648"
"12.8673599749207","77.3842609853929"
"12.8654379081065","77.3922750855035"
"12.8621632384408","77.3949905593499"
"12.8594344422967","77.4013031872773"
"12.856029187687","77.4170034581759"
"12.8201649897","77.3807913903"
"12.8251352897452","77.3821054733278"
"12.8469668986392","77.3838330517324"
"12.8546348800134","77.3840011909451"
"12.8568998587696","77.3648405945972"
"12.8611707687","77.3623579927"
"12.8672765434087","77.361531014851"
"12.8522283521084","77.3572398114746"
"12.8565751661376","77.3573923926479"
"12.866955463137","77.3542842988154"
"12.8668224795799","77.3591814488869"
"12.8301288094","77.3630951811"
"12.8436408948557","77.3580625210989"
"12.8336182795","77.3442171235"
"12.8318988107824","77.3608689066236"
"12.9386608768","77.4478718452"
"12.9668308809357","77.5160578246289"
"12.96929","77.51471"
"12.9691788834","77.51793148"
"12.967769","77.523879"
"12.970691","77.524868"
"12.9712918773","77.526712697"
"12.9738641158","77.5303719006"
"12.9744004002063","77.5208301886565"
"12.9765384600586","77.523540071175"
"12.9763677883145","77.5259777198237"
"12.9762513410409","77.5310050419565"
"12.91722","77.58934"
"12.95116","77.52182"
"12.9524861091833","77.5203242908212"
"12.9604445212","77.504976159"
"12.961150614409","77.509743656629"
"12.9609919669832","77.512219703858"
"12.9596217535","77.5203752238"
"12.94610","77.48664"
"12.9098601407302","77.5135467213222"
"13.0060749580177","77.45295623446"
"12.9969776329","77.4517786503"
"12.99093717","77.45448863"
"12.99173517","77.45898066"
"12.99145471","77.46577014"
"12.98827564","77.47352385"
"12.98611191","77.47819171"
"13.0001609274209","77.4707274302327"
"12.9904416","77.46899681"
"13.0109583959","77.4599192385"
"12.9200579661843","77.3301183591723"
"12.9188928436297","77.3236764930473"
"12.9272220925865","77.3184906160972"
"12.9473664891","77.3096211534"
"12.961587118906","77.325034336971"
"12.9528030185906","77.3357270222263"
"12.9624807384851","77.3430094166785"
"12.958183245869","77.3517849686852"
"12.9604313616","77.3594978359"
"12.9732060526","77.361445874"
"12.9666454833269","77.3794400581122"
"12.9658490234265","77.4000432708128"
"12.9670859864175","77.4031833230679"
"12.9700428946336","77.4099457497489"
"12.9708903003","77.4147267826"
"12.9743037530589","77.421191006197"
"12.9780403460544","77.4306490268272"
"12.9817816105458","77.4396216305548"
"12.9842041153","77.4439730868"
"12.989047567603","77.449310761651"
"13.0871904641","77.1418627258"
"13.0831298166165","77.1500349991703"
"13.0569975581969","77.1594995677263"
"13.0235961029259","77.1640487376599"
"13.0088739842","77.1682342049"
"12.9579531823383","77.2213819738946"
"12.952125716787","77.2275051515709"
"12.9475142386833","77.2712349778949"
"12.9549788520105","77.3126902382956"
"12.9554998688","77.2272284701"
"12.96040","77.23097"
"12.9949061337156","77.2464230694884"
"12.9921852646725","77.2646367264365"
"12.9752685283911","77.2793338117138"
"12.9599644606251","77.2902700087597"
"12.9612721172661","77.3247908993521"
"12.876178734","77.2067405004"
"12.880314","77.19202"
"12.9540113267","77.4506845605"
"12.9663074825488","77.4589453682262"
"12.9773210289226","77.464047680705"
"12.9807994900915","77.4667731192982"
"12.985245","77.458568"
"12.98861","77.47259"
"12.97864","77.47786"
"12.98237","77.48021"
"12.98631775","77.48866704"
"12.98768854","77.49354275"
"12.9902782343683","77.5039166697778"
"12.980806","77.464387"
"12.989998","77.469636"
"12.9727375042","77.4492094293"
"12.957384712681","77.4500853400109"
"12.9155934501392","77.2974421270867"
"12.9037628199591","77.2812090737445"
"12.9152932397781","77.2685161180219"
"12.9360981997955","77.2433297088562"
"12.9512483187313","77.2373819879793"
"12.97480","77.47533"
"12.99218","77.49430"
"12.9805590771","77.506865859"
"12.9874456488","77.5044157449"
"12.9604159389","77.3595898692"
"12.9589507822175","77.4212578597145"
"12.9305461471793","77.3828181811684"
"12.940035928","77.3777661938"
"12.9471058957","77.3811576795"
"12.9596505873","77.3893246707"
"12.9676837195","77.38859687"
"12.9573689494","77.382199131"
"12.9339904691044","77.3814820324069"
"12.9073233236329","77.4179834719169"
"12.9221274529148","77.4168753031716"
"12.9319566254254","77.4171796339978"
"12.9368629648286","77.4187455245262"
"12.9420153774987","77.4157055203908"
"12.9534547061223","77.4116521012736"
"12.9565201368252","77.4106421456711"
"13.0349665135","77.3578280769"
"13.0292049815225","77.359969656329"
"13.0271806740591","77.3670369971541"
"13.0199071993456","77.3842480121072"
"13.0027582124","77.3940372281"
"12.99414807","77.4021664169"
"12.9855972529501","77.4020662778633"
"12.9699225258","77.3994001374"
"12.8937273379","77.3613488115"
"12.9030119513217","77.362115859513"
"12.9114701602419","77.3627060950963"
"12.9141249737615","77.3673456071891"
"12.9925861023","77.4180694018"
"12.9857439745841","77.4273339386836"
"12.9194975204847","77.3653876800242"
"12.9200255470446","77.3685646701798"
"12.9325620364","77.3716326524"
"12.9833443835","77.392886309"
"12.97263","77.40012"
"12.9855075013","77.3742439505"
"12.974623470269","77.3738901253235"
"12.9742116123557","77.3739774407239"
"12.9666761844755","77.3793856578841"
"12.9676495595682","77.3885757918385"
"13.0328962673","77.3963606916"
"13.037094150882","77.3906913630612"
"13.044025423","77.3848935775"
"12.9948783852","77.3645272292"
"13.0014733101974","77.377715760003"
"13.0147335213","77.3654673435"
"13.0068432167","77.3511989135"
"12.9896094952072","77.3830705516699"
"12.9835920020289","77.3872179199528"
"12.9697823873215","77.3885755721271"
"12.8696757182","77.2700377833"
"12.870613","77.278888"
"12.8746638376278","77.2834693758955"
"12.8812065348","77.2916709725"
"12.8889032278449","77.2936677028559"
"12.890788","77.322756"
"12.879728","77.316198"
"12.8663712563937","77.3782080205564"
"12.8767083971721","77.3774442599228"
"12.8844112974296","77.3751623981959"
"12.9304014333","77.3647934385"
"12.9328349512","77.3607558757"
"12.9503892789339","77.3574357267767"
"12.9459258076","77.3180944193"
"12.9522764026276","77.3353929837908"
"12.9625129359551","77.3428916904762"
"12.9581621707855","77.3517991574438"
"13.0079033633759","77.4849448304382"
"13.0046617586023","77.4874159003918"
"12.9915064104612","77.4875231588005"
"12.96038","77.48346"
"12.966375","77.487767"
"12.974596","77.487792"
"12.985528","77.486296"
"12.95583","77.48695"
"12.9626139322699","77.1678776678595"
"12.96868","77.51026"
"12.978245","77.498576"
"12.975567","77.497678"
"12.969993","77.49656"
"12.968819","77.500034"
"13.0266347802171","77.4238303578277"
"13.0199137827078","77.4219371569642"
"13.0145967553199","77.4204259242958"
"13.009225573345","77.4215861095349"
"13.0081972535008","77.4348557259434"
"13.0059847422","77.4422800262"
"13.0033044708757","77.4423833935986"
"12.99909582","77.44280529"
"12.99198446","77.4426586"
"12.98907484","77.44956373"
"12.9969205521","77.4331094697"
"13.0169461203262","77.4371675101964"
"13.0198845511317","77.4484404128904"
"13.0148468528187","77.4470469598996"
"13.0146470813109","77.4495356513185"
"13.01542282933","77.4431395977381"
"13.0349076726","77.4160120636"
"13.033374477781","77.4218795752702"
"13.026687054447","77.423926137494"
"13.0087320138389","77.428221701526"
"13.0185262486","77.393921474"
"13.03433688684","77.4394261520108"
"13.029914","77.439022"
"13.0256777297195","77.4476337641933"
"13.025697","77.454627"
"13.0606236868","77.461264031"
"13.0571890798912","77.4602736916667"
"13.0493558943","77.4599098507"
"13.0453056260008","77.4613212145148"
"13.03777311","77.4612450041"
"13.0417679391164","77.448242312635"
"12.98073","77.50679"
"13.0160521623","77.4564922135"
"13.0237058990783","77.4589317474227"
"13.0257477611","77.4594334234"
"13.0290686757851","77.4646101529708"
"13.0216765859596","77.4676410511072"
"13.0243982976933","77.4709336786733"
"13.0262548146513","77.4730996484591"
"13.0294716814332","77.4837244427962"
"13.0277152560054","77.4937645370251"
"13.029082953974","77.4978711013709"
"13.0315511656163","77.5034554629178"
"13.0337352119139","77.5040860869677"
"13.0385838076","77.5044646114"
"13.0408989581575","77.504770922493"
"13.0455508681172","77.505437633033"
"12.97367785","77.54997793"
"12.963764","77.579170"
"13.0890758284844","77.5102650521403"
"13.0803491798876","77.5024458583163"
"13.0754586495","77.5047392026"
"13.0732598540988","77.5031339897225"
"13.0667320135645","77.503338713534"
"13.0639091538335","77.5051955240698"
"13.0570226434639","77.5072479826503"
"13.051208886598","77.5078871740631"
"13.0757940933","77.4724288099"
"13.0682705808","77.4760638736"
"13.0681464839305","77.4894376643205"
"13.0655279383","77.4926750455"
"13.0625889527395","77.4952768915655"
"13.0638360123542","77.5049513400337"
"13.0786091555","77.4893225357"
"13.0759675339033","77.4882508600536"
"13.0819445080855","77.5002850635462"
"13.06690","77.49709"
"13.0655126668075","77.4940164842191"
"13.1728646729818","77.5641729238811"
"13.1700770450282","77.5501099093526"
"13.1739868054051","77.5404065252152"
"13.1725887016964","77.5301509203401"
"13.1736239761499","77.5253723857576"
"13.1709494814","77.5216519553"
"13.165012304162","77.5217630052133"
"13.1564774523286","77.5232196438981"
"13.1562762894","77.50917105"
"13.1429567465952","77.5023161281348"
"13.1376227182749","77.4945140443817"
"13.1353977229","77.491142666"
"13.1303755010584","77.4844427333419"
"13.1254346003758","77.4836754067015"
"13.1157687306","77.48280745"
"13.11190","77.48193"
"13.1054102659","77.4793071768592"
"13.1012771420161","77.48098008496"
"13.0934768863987","77.4888659663202"
"13.0878252260298","77.4951502027216"
"13.0104310505389","77.5249467306941"
"13.0163273500355","77.5202312033826"
"13.0200258427114","77.5206214121549"
"13.0228990470922","77.522871601588"
"13.0236263589571","77.5217239023852"
"13.0110313068506","77.5068119553069"
"13.0425285612244","77.5807370575392"
"13.0417332594362","77.5728111814403"
"13.0378509153373","77.5742702250855"
"13.0343214004847","77.5756964387139"
"13.0308790269343","77.5775371290293"
"13.0268936538184","77.5798920153642"
"13.0233549400773","77.5841996749507"
"13.01449816","77.58192714"
"13.01465113","77.57510678"
"13.1081353997954","77.4573060765157"
"13.107847","77.449968"
"13.1102445857938","77.4438001538481"
"13.1045852734697","77.4438255170167"
"13.0994556232704","77.4448599084294"
"13.0920011027786","77.4453711789825"
"13.0845294809245","77.4478397594646"
"13.0804444562644","77.4505676461579"
"13.0731632803636","77.4524813197611"
"13.1241109092888","77.4311043301896"
"13.1205518990171","77.4231961127977"
"13.1142241984962","77.4316790234142"
"13.1114919294824","77.4382626457829"
"13.0991976243","77.4521002639"
"13.1028704351156","77.4289589372656"
"13.109951230506","77.4635876218616"
"13.150189863582","77.4095727620281"
"13.1482559659259","77.4118076701133"
"13.1439737504461","77.4123162072408"
"13.1395791078121","77.4100135697898"
"13.1259079506227","77.4167288025249"
"13.1178893521","77.4602924846"
"13.1169349886","77.4470815994"
"13.0493187625","77.4214939121"
"13.0595060438","77.4192266911"
"13.0676083544994","77.4209459237295"
"13.0714823572943","77.4228459817518"
"13.0761802476","77.4237053934"
"13.0794942138383","77.4240806811549"
"13.0607324839","77.4289832264"
"13.0357335415","77.484391965"
"13.043941","77.490502"
"13.0502625648","77.4920973647"
"13.0422743338882","77.2985324023071"
"13.0359815079714","77.2996178724273"
"13.0203696455801","77.293676251021"
"13.0113616194139","77.3032221182899"
"13.0049581098798","77.3118379736818"
"13.0228376854686","77.312314310604"
"13.0305901930477","77.3131907369257"
"13.0386340821296","77.3147196095713"
"13.0451234523","77.3153972905"
"13.0538343684018","77.3156543948611"
"13.0610120203","77.3179262783"
"13.0661497079","77.319420604"
"13.0632306190833","77.3301050920836"
"13.0610949736046","77.3345664745847"
"13.0629584613841","77.3462118633533"
"13.0680961281867","77.3602229694237"
"13.0750524625","77.3648976255"
"13.078927584","77.3670854699"
"13.0826726183","77.3716068361"
"13.0899290834","77.3764043022"
"13.0978273857178","77.3855002055594"
"13.0979853388368","77.3939032787106"
"13.0849729721718","77.4656304306079"
"13.0759423575013","77.4585927586962"
"13.065520196031","77.4544564526615"
"13.05486976","77.48091071"
"13.0974607392554","77.4706847218404"
"13.0648268759","77.4433681648"
"13.1450060739405","77.3801407235784"
"13.1414812924125","77.3809703225478"
"13.1370908033412","77.3778626347592"
"13.1338698271908","77.3734596465448"
"13.1306870327551","77.3684463768582"
"13.1283898998347","77.3674678187609"
"13.1213336651568","77.3684549387174"
"13.1172617808857","77.3723115807104"
"13.0981824355071","77.386166818745"
"13.1042276045367","77.4339872739457"
"13.1027745538472","77.4289649928727"
"13.1002037214724","77.4105355947317"
"13.1011471581719","77.4054514777373"
"13.1336968407917","77.3991045191786"
"13.12785","77.39832"
"13.1223290993837","77.3937687099311"
"13.110426491842","77.3882694006408"
"13.1056481833201","77.3881811939701"
"13.1003836868378","77.3909286031134"
"13.0499374308","77.3618364707"
"13.06596","77.36065"
"13.1307233056506","77.4190148680735"
"13.1258261632159","77.4167747788631"
"13.1271003872285","77.3983968301169"
"13.0615821574","77.3421729449"
"13.0666667037","77.319542896"
"13.2156024424526","77.3022921983157"
"13.2147074686754","77.309414355205"
"13.2117341587214","77.3126790270745"
"13.2065636568945","77.3159668329731"
"13.1956211075318","77.3210686050172"
"13.1849805747543","77.325164813171"
"13.1656044646765","77.3343977616031"
"13.1500920979211","77.3395192879049"
"13.1420920859507","77.3477735656213"
"13.1312209832756","77.3589908624134"
"13.129674694938","77.3846208108652"
"13.1218956616126","77.3853205438434"
"13.0446481984","77.3927120492"
"13.0592754664078","77.3938043201116"
"13.0643366184","77.3936944082"
"13.068419805289","77.3946050512346"
"13.0727289723236","77.3936366321653"
"13.0783795697179","77.3927123474955"
"13.082793653","77.3928226903"
"13.0880251341","77.3937892076"
"13.092367379","77.3947751708"
"13.1897788402","77.4325983413"
"13.190611664268","77.4199012637164"
"13.1672514909325","77.411580738154"
"13.1505533233212","77.41186970825"
"13.15784057334","77.3813752827723"
"13.1594392775784","77.3979167931846"
"13.1564933437645","77.4035463888326"
"13.2072129790372","77.3788739860395"
"13.1946244872228","77.3818038088955"
"13.1837451997351","77.3843577809909"
"13.1794732135968","77.3902203779138"
"13.1743835384049","77.3948941116536"
"13.1645823551272","77.3943377332413"
"13.1964046844209","77.410431947264"
"13.159782107019","77.418910051926"
"12.9792967625","77.3442172911"
"12.9824651635586","77.3465514352671"
"12.9869823822405","77.3478619699127"
"12.9928219147131","77.3494246246336"
"13.0009147533689","77.3498518876643"
"13.1198886875","77.3303027451"
"13.1097246241","77.3293497227"
"13.1046079698817","77.3285385261512"
"13.0995972303074","77.3274047487885"
"13.0959878281011","77.3258158766689"
"13.0950886477","77.3325221892"
"13.0948578063185","77.3383900595987"
"13.0934616176831","77.3439054224592"
"13.0927626006214","77.3593494445576"
"13.094643401","77.3746711761"
"13.0904006492","77.3232032731"
"13.0965926731217","77.3225930073162"
"13.0959528316964","77.3256803666493"
"13.1038111140519","77.3484035133486"
"13.123479090943","77.2808878394627"
"13.1131334361146","77.2849805676132"
"13.1079256162","77.2874890734"
"13.1058773148488","77.2942480446401"
"13.1057428193588","77.2996475157019"
"13.1053957683277","77.3044204698169"
"13.099821497219","77.3112359406838"
"13.0966786745147","77.3227523998912"
"13.0944543891","77.3003093619"
"13.1056079805556","77.2996591488822"
"13.1075227844807","77.2867436429323"
"13.2049354974131","77.4203674049871"
"13.0741498992","77.3800369352"
"13.0670852121","77.3722181283"
"13.0359317344471","77.4936265606838"
"13.0381178880467","77.4938223048163"
"13.039756855","77.4940503482"
"13.0406094036623","77.4962649964113"
"13.0394529329651","77.5001530347402"
"13.0344002320281","77.4393571026568"
"13.0418641325307","77.4482711457979"
"13.0377848487061","77.4611766269556"
"13.0443006009","77.4851340987"
"13.0393698396233","77.4999088130468"
"13.1623775605","77.4808316678"
"13.1306730578049","77.4844754915283"
"13.1355075174449","77.4911746310909"
"13.1375332684483","77.4944154925571"
"13.1429847882703","77.5023724503974"
"13.1340295192434","77.5147220673245"
"13.1266026675388","77.5196493655454"
"13.1197674298415","77.5214860711671"
"13.1126171560079","77.5250068605014"
"13.1013250262907","77.5306635037962"
"13.0921578064477","77.5340381857059"
"13.0906586410131","77.5389485408326"
"13.0899003775156","77.5424607327786"
"13.0882011244238","77.5467807179749"
"13.0814613495","77.5483414438"
"13.0676762201","77.5446710084"
"13.0580927711","77.5462521706"
"13.0547337742917","77.5491777362667"
"13.0520985806152","77.5518767965099"
"13.0493093748","77.5540997274"
"13.04553","77.55652"
"13.0412790301322","77.5572837378507"
"13.0357420400574","77.5576779029524"
"13.0288246386713","77.5616008274839"
"13.0261763880091","77.5619537016999"
"13.018478","77.561234"
"13.1485644355","77.5518633518"
"13.1277285906549","77.5286928877994"
"13.1839562179787","77.5187081476271"
"13.1713534053","77.5186568499"
"13.1580877956639","77.523929385406"
"13.1373792887","77.4803843256"
"13.1278912257","77.5071780011"
"13.1333959333986","77.5148176566696"
"13.0983058736","77.5251964945"
"13.0932886347764","77.5286591724418"
"13.0921483400406","77.5338518179626"
"13.1412508897","77.5263768341"
"13.1540434019398","77.5401671774023"
"13.1486117095","77.551904507"
"13.136658","77.534949"
"13.126531409831","77.5141913918926"
"13.1147274888342","77.5148985246579"
"13.0905815737235","77.5388573954682"
"13.0991662757122","77.5388099504949"
"13.0957890551304","77.5413668835596"
"13.0861982144","77.5288300496"
"12.9975024238","77.5232390687"
"13.09609783","77.5788053"
"13.0991741549","77.5767331291"
"13.0978289433","77.5679211505"
"13.0975789517011","77.5630170680482"
"13.0924006552","77.5594554283"
"13.0893975298985","77.5563047015224"
"13.0858757626","77.5553567614"
"13.0816772316253","77.5481873232245"
"13.0828349758","77.5446832459"
"13.0796185043","77.5383932143"
"13.0770180213844","77.5385638107533"
"13.0730482849174","77.5414072173481"
"13.0696749514761","77.5414631925878"
"13.0618535634","77.5511598587"
"13.0576539889866","77.5514351534012"
"13.0837510855325","77.5603167485139"
"13.0798273982855","77.5593179497627"
"13.0762213189","77.5582854822"
"13.0721580237","77.5563915912"
"13.070089597234","77.5553909618249"
"13.06549","77.55272"
"13.04530","77.54787"
"13.0669609923","77.532134112"
"13.07346","77.54665"
"13.1053921022","77.55435328"
"13.0941621548102","77.5546189860923"
"13.0874142578907","77.521103190837"
"13.0928968400279","77.523661367282"
"13.041352937","77.5487918034"
"13.0383810697468","77.5535206974792"
"13.06457","77.52735"
"13.1143063290257","77.5010113595776"
"13.0669090245","77.5158848707"
"13.0648695201212","77.5173457342089"
"13.0581079654387","77.521875379819"
"13.04581","77.54120"
"13.0493463840687","77.5447449818298"
"13.0489268687584","77.5498851824908"
"13.04503","77.53498"
"13.0488781258","77.5357087422"
"13.04973","77.53734"
"13.0507095964794","77.5415766781096"
"13.0494177528","77.5676178932"
"13.04454","77.56385"
"13.1007602808414","77.5945984072696"
"13.1036340346062","77.6009774746586"
"13.1044537881195","77.6052303561857"
"13.1046095705425","77.6103402336676"
"13.1035948393103","77.6161309368721"
"13.103518066131","77.6233188596516"
"13.102605808036","77.628711812848"
"13.101439","77.635978"
"13.0992677329853","77.6421212447758"
"13.0932101211176","77.6541482019512"
"13.0779104474496","77.6536081476198"
"13.1856007129","77.6971048024"
"13.1838308672202","77.6889089690646"
"13.183529860655","77.6811222490828"
"13.1823558633135","77.6730596467073"
"13.1790370572165","77.6667110753519"
"13.1776430618994","77.650900131032"
"13.1805774158629","77.6421091605144"
"13.1726000725002","77.6335476126092"
"13.168012471409","77.6314347549366"
"13.16111","77.62679"
"13.1564611972838","77.6234119040381"
"13.1515139434","77.6202731766"
"13.1437613872006","77.6176463086256"
"13.137420950189","77.6176571220861"
"13.1312625635293","77.6154152235654"
"13.1212776527","77.6108380035"
"13.1168614208569","77.6083756888998"
"13.110825004017","77.604751645772"
"13.1032758392","77.5999801699"
"13.09844","77.59691"
"13.1615344677498","77.6109232031398"
"13.1564733027351","77.6156546339718"
"13.1562411229861","77.6179817533964"
"13.1568345182312","77.6228358598335"
"13.1446105242","77.603445584"
"13.1500477809","77.6089980081"
"13.1518010267504","77.6117640771397"
"13.19257","77.60021"
"13.1858455138252","77.6105204157728"
"13.1614264957674","77.6109997978511"
"13.1786007951412","77.5880722504866"
"13.176943","77.590218"
"13.173844","77.595456"
"13.1715188564594","77.5989228946028"
"13.1626480445","77.6015843824"
"13.1840455496095","77.5185614610766"
"13.1736427683436","77.5255630155162"
"13.1726690894747","77.5302915872055"
"13.1706334860777","77.542562598043"
"13.22734","77.51986"
"13.2132039425974","77.5147571521315"
"13.2018050580999","77.5228844366975"
"13.20022176338","77.538051252254"
"13.1847911887","77.544209417"
"13.186797481","77.5509890355"
"13.1729320232376","77.5640366882536"
"13.1598259415","77.5666067842"
"13.1478430787993","77.5697847640518"
"13.1351739081248","77.5692125045075"
"13.129955022726","77.5715108284837"
"13.1234172173","77.5753307529"
"13.1149563566","77.5789960753"
"13.1097608176556","77.5803635004923"
"13.1061186769866","77.582262168671"
"13.1027817597243","77.5856949007305"
"13.1907676429533","77.5284212812936"
"13.185752296039","77.5402459360907"
"13.1830780129064","77.5388001618585"
"13.1790718689891","77.5313019666941"
"13.1727821653075","77.5301843618624"
"13.2225291985972","77.565190386152"
"13.2164219911739","77.5525915599752"
"13.2044805179961","77.5590428613559"
"13.1948810007871","77.5630069704996"
"13.1714682300775","77.5644470294987"
"13.2343435610847","77.5940584350715"
"13.2284579533641","77.5999128914452"
"13.2260528475091","77.584119342069"
"13.2255722093141","77.5766309156259"
"13.2399988180916","77.5991570650366"
"13.0663575791","77.6406315621"
"13.06756","77.63391"
"13.06818","77.62899"
"13.0718310457","77.6189050823"
"13.0709675968978","77.6186070909128"
"13.0678971974013","77.6167141608123"
"13.06796","77.61068"
"13.0666078105601","77.6096020911955"
"13.04117","77.59005"
"12.8831292978895","77.5696088014206"
"12.8826229342917","77.5660161797493"
"12.8857774381","77.5666580815"
"13.0995680206","77.5975210872"
"13.103849515948","77.6001120255182"
"13.1114708026693","77.6046272219767"
"13.1171740558425","77.6080575492325"
"13.1218776141914","77.6114561943861"
"13.1213557896167","77.6180979354224"
"13.1219087804905","77.6257509536779"
"13.1222737432695","77.6302885164175"
"13.1235980779784","77.6394693354367"
"13.1261258736936","77.6451571826122"
"13.1279487324703","77.6465052322742"
"13.1319567841","77.6474654954"
"13.1342663734329","77.6689714784893"
"13.0996787312205","77.597595489035"
"13.0786586087","77.811449049"
"13.0772444114101","77.7996355933676"
"13.07167","77.78661"
"13.0699504064707","77.7834843274168"
"13.0562135949413","77.7677196823356"
"13.0450750279487","77.7492146895027"
"13.0358804551781","77.7352636106181"
"13.0457626686181","77.7225330950183"
"13.0601787565308","77.7161336514528"
"13.0866935748621","77.7149445775856"
"13.099645637","77.7151882555"
"13.1132165185807","77.6879933480537"
"13.1197158248496","77.6786315818257"
"13.1836383904115","77.6811323884993"
"13.1839579689444","77.6890003336171"
"13.184036","77.696002"
"13.1723742373","77.6909051277"
"13.17005991","77.6900985371"
"13.1610771921","77.6847210433"
"13.1558873691","77.6811083592"
"13.1418290734","77.671432877"
"13.0265674473817","77.6146601354521"
"13.023287","77.612542"
"13.0206054642617","77.619054709347"
"13.0159686785","77.6178199612"
"13.0133680696877","77.6167513259618"
"13.010789242964","77.6153852432816"
"13.0087520242312","77.6136008809619"
"13.0212376968532","77.6246039863375"
"13.0748425807225","77.6190242150836"
"13.1025758970495","77.6288320479161"
"13.1013490073","77.6350926328"
"13.0888500189766","77.6355343017143"
"13.08478520553","77.634871358136"
"13.0799402703943","77.6341098521517"
"13.0762235257481","77.6337796897404"
"13.1723894086","77.69082902"
"13.0563873110329","77.6116118507763"
"13.0490524400958","77.6119730271716"
"13.0423864257","77.6136154309"
"13.0412188738576","77.6207743704346"
"13.0381433072936","77.6234895088561"
"13.0348429643","77.6229631808"
"13.0323106237","77.6219581068"
"13.0303936441487","77.6211266024405"
"13.025200339","77.6197641436"
"13.0205352439667","77.6190415793195"
"13.0159689570237","77.6178370749804"
"13.0983938671155","77.627298385886"
"13.091056083001","77.6194645838889"
"13.0340504553","77.6151936594"
"13.1856367399739","77.6971337603368"
"13.0366185420205","77.6548635046537"
"13.1198430061","77.6800659858"
"13.293238866533","77.5423555417489"
"13.2618796258917","77.5526249710349"
"13.2166138388129","77.5527151773448"
"13.2256517438295","77.5767781556895"
"13.228551","77.599826"
"13.2183055368401","77.6101204834718"
"13.212096340763","77.6465835166264"
"13.2234293043525","77.6546374245253"
"13.2216891646","77.6700392179"
"13.221490608192","77.6822786295329"
"13.2487351690168","77.715522107488"
"13.2306330785847","77.6645062401041"
"13.2294146289716","77.6704701419646"
"13.2483727829293","77.7156338231068"
"13.2433161976413","77.7079778532857"
"13.2302428829426","77.6911647648271"
"13.2262601517","77.6872698124"
"13.221148","77.682367"
"13.212081309502","77.6733771617037"
"13.2066492928233","77.6682594769769"
"13.19897","77.65802"
"13.1904503983","77.6460803859"
"13.1882561733902","77.6444461564231"
"13.18638","77.64304"
"13.18328","77.64076"
"13.25355","77.67251"
"13.251075","77.699885"
"13.298781","77.725645"
"13.267516","77.719785"
"13.2577114581593","77.727011506602"
"13.298071","77.629368"
"13.27930","77.62531"
"13.2719404669758","77.6493029619342"
"13.25782","77.69904"
"13.2455579791874","77.7127292471338"
"13.2340827932515","77.7267724400118"
"13.2307450604615","77.7307992384744"
"13.2244944712099","77.7383989818808"
"13.2225784722133","77.7412369055807"
"13.2127908921444","77.7549442227663"
"13.2074024777453","77.7629263170833"
"13.2022310526479","77.7715827731824"
"13.2007661921052","77.7735312322897"
"13.1976793153576","77.7771641220098"
"13.1851270515","77.7979794145"
"13.1696446623332","77.7938989681539"
"13.1629070453","77.7927857358"
"13.1578287135097","77.7908435551561"
"13.1499617826","77.7811218984"
"13.1353085551815","77.7749612379639"
"13.1242888236943","77.7733892284906"
"13.1171900985213","77.7734898772393"
"13.1081171376306","77.7755678663285"
"13.102152262441","77.7779246039566"
"13.09461","77.77863"
"13.0884973104738","77.7808287232099"
"13.0788207458379","77.787536845333"
"13.2947488230191","77.8022545044497"
"13.2643909919954","77.8091021094823"
"13.2525740471","77.8019671049"
"13.2422531227606","77.821874540045"
"13.2256160025","77.8093276732"
"13.2044785526534","77.7985718678423"
"13.2570188673586","77.7637338148951"
"13.2684356537237","77.7626607192409"
"13.0109717957895","77.6591979466392"
"13.0073486382714","77.6543309938467"
"13.0080712907026","77.6523373915859"
"13.0061506388919","77.6479392315577"
"13.0063457360124","77.645256144053"
"13.005966024448","77.6406978311506"
"13.0053949512704","77.6386475395901"
"13.0024997772458","77.6345760669977"
"13.0015513815543","77.6307678770398"
"12.9985508323","77.6220733579"
"13.0002410783144","77.6160897868479"
"12.9962902235097","77.6123075872811"
"13.0143430922","77.6510213502"
"13.0097056035148","77.6442858371443"
"13.0075438708506","77.6409670658541"
"13.0079721323211","77.6920888158994"
"13.0042615087116","77.7099780161383"
"13.0061302422567","77.7001594433056"
"13.0081282368034","77.6951594410739"
"13.0080565460658","77.6831308517795"
"13.0116523522629","77.6788624499784"
"13.0113621370318","77.6768584636972"
"13.0114442948","77.6734416839"
"13.0115793750206","77.6704993207659"
"13.0119468982052","77.6678344095476"
"13.0132791962116","77.6617865898409"
"13.0141887058449","77.6583075702007"
"12.999377","77.736717"
"13.0037507974","77.7272078209"
"13.0057118274","77.7965862583"
"13.0080743978145","77.7842244388495"
"12.9961186554","77.7837379742"
"12.987931","77.782014"
"12.983335070858","77.7680130236999"
"12.9828679354483","77.7614139162438"
"13.0401007645","77.6795893908"
"13.0387958093292","77.6774469738723"
"13.0334858503","77.6744441595"
"13.0307612289","77.6680180058"
"13.0287028011","77.6638628449"
"13.0263546109","77.6608349662"
"13.0192535464","77.6558215823"
"13.0126420202951","77.6480188084067"
"13.0427339497266","77.5918778389827"
"13.0437742174","77.6009187754"
"13.0421172962893","77.6139244396034"
"13.0222841073","77.6474324707"
"13.0259277206","77.6370835863"
"13.0209519413386","77.6369680246129"
"13.0176250264","77.6364562009"
"13.0148083161697","77.6358658279342"
"13.0139803713156","77.6394046255917"
"13.0095707459973","77.6433097176117"
"13.0274548843119","77.6412212679741"
"13.011243","77.631792"
"13.012664","77.635331"
"13.014395","77.636093"
"13.0194132923092","77.6543329081788"
"13.025921","77.649954"
"12.9373766817737","77.8299004916514"
"12.9422499500793","77.8365562371901"
"12.9474789114918","77.8339550767106"
"12.9528572525335","77.8301566477817"
"12.9561863564118","77.8241890800112"
"12.958933900065","77.8158710885029"
"12.9760172547907","77.820266765015"
"12.9767719656","77.8166732378"
"12.9787795403557","77.8024115824562"
"12.9798000538769","77.7917324599528"
"12.9860420991","77.7811173722"
"12.99687","77.66919"
"13.0001414059493","77.6756171943363"
"13.000388477065","77.6838859875595"
"12.9975111097951","77.6903099374329"
"12.996290576145","77.6937038811215"
"12.9940719294385","77.7015058736394"
"12.9930673912","77.7058969159"
"12.9922896344","77.7163369954"
"12.9914296151558","77.7210074165212"
"12.976969","77.725917"
"12.9809505958","77.7273751236"
"12.9837132699408","77.7534273432768"
"12.9828894184662","77.7608882923299"
"12.9832413921486","77.768395317493"
"12.9753287170133","77.7713942672852"
"12.96666448","77.7630707156"
"12.9684034735","77.7560578287"
"12.9696201906","77.7527421992"
"13.078663499292","77.7875117995746"
"12.7796878887482","77.7705791812583"
"12.7819303288665","77.7718167749621"
"12.7911334134923","77.7763035896936"
"12.8061642374184","77.783542097198"
"12.8235531283351","77.7860399370874"
"12.827614269694","77.7862656689891"
"12.837437802863","77.7849760557899"
"12.8444325259914","77.7830958939459"
"12.86117727","77.78552341"
"12.86083214","77.78344209"
"12.86195163","77.77203952"
"12.87225498","77.7663646"
"12.87926747","77.76154577"
"12.87941272","77.7537746"
"12.8835203558413","77.7522103562679"
"12.9008709155031","77.7477386784198"
"12.905705329","77.7464825101"
"12.9214147758","77.7363279182"
"12.9381696666644","77.7467278252943"
"12.940285016946","77.7472048596711"
"12.99575161","77.75848498"
"12.99142278","77.75619353"
"12.92953793","77.61599824"
"12.9269013528006","77.6227486203364"
"12.9244488571","77.6307063829"
"12.916532401","77.6235375926"
"12.8623729851","77.7200017311"
"12.871543999072","77.7215622250292"
"12.8699537170786","77.7118589048726"
"12.8613853236046","77.7052498496101"
"12.8489427455","77.6925135311"
"12.8426564529483","77.6874118926917"
"12.8361717425","77.6796261873"
"12.727101113145","77.7201754679313"
"12.7353257127","77.7080119215"
"12.7463457970969","77.7075993546648"
"12.8475345","77.67071245"
"12.8548020311","77.6650205534"
"12.683123","77.705231"
"12.7114004921","77.6993551757"
"12.935557905969","77.5182479242728"
"12.932691","77.516156"
"12.7789971884","77.6434495579"
"12.78417","77.64024"
"12.78758","77.63281"
"12.79650","77.61590"
"12.82096","77.60905"
"12.82379","77.59845"
"12.9659407815202","77.3998709070022"
"12.8468519003666","77.6705451744255"
"12.84471806","77.66026941"
"12.8388742719805","77.6587221535142"
"12.8414767728876","77.6477505655163"
"12.8434229967065","77.6440863035139"
"12.8415174478625","77.6320810074099"
"12.7793467418491","77.644154893463"
"12.77974","77.64330"
"12.8455016810856","77.6653715867666"
"13.07883","77.78674"
"13.1021456394818","77.7777679508684"
"13.1243276855336","77.7732750317796"
"13.1577935815","77.7906470094"
"13.1868913836465","77.8030294349757"
"13.206418","77.834601"
"13.2261480558136","77.8363468691283"
"13.2376890920511","77.8473237285682"
"13.2617999241","77.8466291539"
"13.2799866823427","77.820262193579"
"12.8002769178769","77.5085821694989"
"12.797889716051","77.5212106788284"
"12.7976325529874","77.5233072787014"
"12.7981722069351","77.525950590752"
"12.7955954248528","77.539045480035"
"12.8037507718428","77.5435284119269"
"12.8025311671617","77.5589705480432"
"12.8167427166014","77.5669664015618"
"12.8139153704033","77.5810062267448"
"12.81152","77.58470"
"12.80245","77.59674"
"12.79871","77.60151"
"12.80037","77.59895"
"12.79783","77.60415"
"12.8950750159557","77.8670054171994"
"12.8933131835245","77.8503235296054"
"12.8968060128901","77.8418438586942"
"12.8947950248","77.8209767584"
"12.8788588475","77.8129106015"
"12.8719013415897","77.8080131602231"
"12.860352747722","77.7988489509547"
"13.2454462909057","77.7125966576833"
"13.01781347","77.55679377"
"13.0185127896074","77.5612011294322"
"13.0264212680664","77.5617277532499"
"13.0284445335145","77.5616808138337"
"13.0345050409528","77.5573473945702"
"13.0413037857712","77.5571444693165"
"13.0460469704","77.5565699581"
"13.0498049320328","77.5535199950827"
"13.0515688123302","77.5520220877253"
"13.0547037986195","77.5489801480202"
"13.0583706199137","77.5459986399371"
"13.069327892592","77.5445883816951"
"13.0817630142","77.5484313816"
"13.0858396415645","77.5557919387083"
"12.94258","77.47902"
"12.903938374542","77.5083563138193"
"12.904060137771","77.5126100596068"
"13.0425463524","77.5899490435"
"13.0464289274464","77.5726858185153"
"13.04686","77.56867"
"13.0434248596","77.5609177351"
"12.9165109154049","77.6210663884489"
"13.0177675188","77.5579787884"
"13.10659","77.56567"
"13.0979676638","77.5678448752"
"12.9164651158894","77.6229905341941"
"12.92423597","77.65073689"
"12.91957","77.64291"
"12.91617","77.63528"
"12.91667","77.62926"
"12.9163005020623","77.6161844661435"
"12.95833872","77.66549765"
"12.958956","77.659623"
"12.9591727","77.65611687"
"12.9540844169","77.7002514526"
"12.9683893919","77.7013375796"
"12.9798140097","77.6944025606"
"12.9823997082408","77.6927989865896"
"12.9886376392","77.6889819"
"12.9964727908","77.6834268775"
"12.9998897774164","77.6762811951645"
"12.917724099987","77.6239001832664"
"12.9168055262077","77.6293271241013"
"12.91627","77.63530"
"12.9199793497093","77.6430081089863"
"13.10588946","77.5723316"
"12.960413","77.701317"
"12.9058525991","77.5418342371"
"12.9083351332347","77.5381509542543"
"12.9085253393419","77.5348750615729"
"12.9048136622","77.5298104808"
"12.902829754947","77.5214815091576"
"12.9046801783185","77.5046481340307"
"12.9040159155772","77.5121745384896"
"12.992153","77.716099"
"12.98553","77.70835"
"12.9773395923076","77.7099865150236"
"12.9707534807272","77.7124132944347"
"12.9676731700779","77.7142717500833"
"12.96515272","77.7184327226"
"12.9603990131975","77.7165352327581"
"12.83791127","77.65832738"
"12.84487928","77.66008428"
"12.85122","77.65767"
"12.8497949517192","77.663028973768"
"12.9540668090393","77.5443294399661"
"12.9137355414839","77.5374409690989"
"12.90584","77.55851"
"12.9009935130602","77.5598801971695"
"12.902979","77.561563"
