route_no,min,ss,start_time,roundoff
1,2,0.9310344828,07:35,3
100E,3,0.2692307692,08:05,3
104,3,0.5714285714,06:55,4
108,2,0.1428571429,07:00,2
10A,2,0.3529411765,07:40,2
111,2,0.2727272727,05:40,2
111A,1,0.3157894737,06:35,1
111C,2,0.5,05:10,2
111E,2,0.5,06:35,2
112,2,0.5,05:30,2
112A,2,0.5,06:50,2
113,2,0.7777777778,07:30,3
114,2,0.1428571429,06:30,2
114A,2,0.5,07:25,2
114B,2,0.5,05:15,2
114C,2,0.3529411765,05:15,2
114D,2,0.6666666667,07:35,3
114G,2,0.0454545455,06:35,2
119,4,0.2857142857,07:20,4
12,2,0.5,06:40,2
120,3,0.6666666667,08:45,4
121A,3,0.3333333333,07:45,3
125E,3,0.5714285714,07:20,4
126,4,0.1666666667,09:45,4
126A,2,0.6666666667,07:40,3
127,3,0.3333333333,06:15,3
129,4,,05:30,4
129C,37,0.5,06:55,37
12B,2,0.9411764706,05:30,3
12D,3,0.125,10:05,3
12E,9,0.2307692308,06:35,9
13,2,0.25,06:45,2
132,2,0.5,07:35,2
133E,1,0.7391304348,05:25,2
138,5,0.625,05:00,6
138A,5,0.625,07:30,6
139,2,0.9166666667,05:55,3
139A,2,0.2222222222,08:15,2
13A,2,0.2222222222,05:40,2
13B,2,0.5925925926,07:05,3
13C,2,0.2222222222,04:50,2
13D,2,,08:00,2
13E,2,0.0967741935,06:50,2
13F,2,0.1428571429,07:05,2
13G,1,0.7307692308,06:50,2
13H,2,0.1875,06:00,2
13K,0,0.5769230769,06:35,1
13S,1,0.9512195122,07:40,2
140,2,0.7272727273,06:45,3
140A,2,0.1875,06:40,2
140B,1,0.7857142857,07:25,2
140E,2,0.3333333333,06:00,2
141,3,0.125,06:35,3
141A,2,0.7272727273,06:40,3
141E,2,0.5,07:20,2
143,4,0.4444444444,06:10,4
143A,3,0.4615384615,07:35,3
143E,3,0.8888888889,07:25,4
144,4,0.1666666667,06:15,4
144A,4,0.2857142857,08:05,4
144E,4,0.2857142857,07:00,4
144G,2,0.8947368421,06:35,3
144K,2,0.8571428571,07:20,3
145,3,0.1818181818,06:25,3
146,3,0.0769230769,06:00,3
146B,2,0.5,07:00,2
146E,2,0.3529411765,07:55,2
14B,3,0.2692307692,06:45,3
152,2,0.3529411765,08:45,2
154,4,0.5833333333,07:50,5
155,2,0.9166666667,07:05,3
155A,1,0.9230769231,06:00,2
15A,6,,06:40,6
15C,2,0.5,07:05,2
15E,3,0.8888888889,05:15,4
15F,1,0.9047619048,06:50,2
15G,2,0.7777777778,05:30,3
15H,2,0.9411764706,07:05,3
15K,2,,07:45,2
15L,2,0.6470588235,08:20,3
161B,2,0.2222222222,07:20,2
161C,3,0.125,08:35,3
161D,3,0.2352941176,06:40,3
163A,1,0.9047619048,07:30,2
164,2,0.5,06:20,2
165E,3,0.1818181818,06:00,3
166,1,0.6666666667,07:20,2
168A,2,0.5,05:40,2
168E,3,,07:05,3
169,2,0.5,05:30,2
171,2,0.8571428571,06:05,3
171E,2,0.2727272727,06:35,2
171F,2,0.5,05:15,2
171G,2,0.5,04:40,2
171H,2,0.6315789474,07:30,3
171J,2,0.8571428571,07:50,3
173A,1,0.0256410256,09:00,1
174,2,0.027027027,08:40,2
176,2,0.9310344828,05:40,3
176A,2,0.0967741935,07:45,2
176C,2,0.2580645161,05:10,2
176CA,2,0.03125,07:45,2
176D,2,0.3076923077,06:45,2
176E,2,0.3333333333,05:50,2
177,2,0.5925925926,08:50,3
18,3,,05:30,3
180,2,0.9166666667,06:30,3
181,2,0.5806451613,06:55,3
182,2,0.0689655172,08:50,2
184,1,0.9047619048,08:00,2
189,2,0.5,06:15,2
190,2,0.1153846154,07:00,2
195,4,0.2105263158,07:20,4
195A,2,0.7272727273,06:35,3
196,3,0.3333333333,08:40,3
197,2,0.2222222222,06:50,2
1E,3,0.3870967742,07:20,3
1F,2,0.2727272727,08:20,2
2,2,0.8125,05:10,3
201,2,0.4528301887,05:30,2
201A,1,0.8269230769,08:50,2
201C,2,0.7272727273,09:50,3
201H,2,0.1666666667,05:45,2
201J,2,0.1621621622,05:45,2
201K,1,0.5909090909,06:00,2
201L,2,0.3529411765,07:05,2
201M,2,0.1875,05:00,2
201MA,2,0.9411764706,11:50,3
201MD,4,0.1176470588,05:10,4
201MJ,2,0.6923076923,08:00,3
201N,3,0.8679245283,07:40,4
201Q,2,0.3684210526,08:00,2
201S,2,0.7941176471,07:45,3
201U,2,0.125,05:35,2
203,75,,06:00,75
21,4,0.375,06:35,4
210,1,0.875,06:30,2
210A,2,0.380952381,05:00,2
210B,3,0.5294117647,06:40,4
210C,2,0.5,05:55,2
210CA,2,0.2916666667,10:05,2
210CD,4,0.2857142857,07:45,4
210D,1,0.9565217391,06:45,2
210E,2,0.1428571429,04:45,2
210EA,2,0.03125,08:05,2
210F,2,0.0689655172,09:50,2
210FA,1,0.875,07:20,2
210G,2,0.4137931034,07:35,2
210GA,2,0.4,05:40,2
210H,3,0.125,07:15,3
210I,2,0.1739130435,09:35,2
210J,2,0.2916666667,07:50,2
210KA,2,0.3913043478,08:50,2
210N,2,0.5,05:00,2
210NA,2,0.3076923077,09:15,2
210NB,2,0.1428571429,06:45,2
210NC,2,0.34375,07:40,2
210P,2,0.5,06:00,2
210Q,2,0.6,07:10,3
210R,2,0.6086956522,05:30,3
210T,3,0.0555555556,07:45,3
210U,2,0.380952381,05:10,2
210V,2,0.7777777778,07:45,3
210W,2,0.1428571429,07:25,2
210X,2,0.1739130435,06:00,2
210Z,2,0.1739130435,06:35,2
210ZA,3,0.0434782609,06:20,3
211,2,0.0833333333,06:25,2
211A,3,0.4090909091,08:10,3
211B,1,0.4634146341,07:25,1
211C,1,0.8571428571,05:50,2
211DA,2,0.0512820513,06:25,2
211E,1,0.9736842105,06:20,2
211F,2,0.3611111111,07:20,2
211G,1,0.875,05:30,2
211H,2,,06:40,2
211J,2,0.1052631579,06:25,2
211K,2,0.1621621622,09:05,2
211L,3,0.5416666667,09:35,4
211M,2,0.2,06:55,2
211N,2,0.1875,07:35,2
211P,2,0.1621621622,05:25,2
211Q,2,0.0731707317,07:10,2
211R,2,0.2093023256,06:10,2
211RA,105,,07:45,105
211T,2,0.1666666667,07:30,2
212,2,0.2222222222,06:15,2
212B,2,0.7027027027,06:45,3
212C,2,0.5,06:15,2
212D,1,0.4516129032,05:00,1
212M,2,0.5,07:50,2
213,2,0.0731707317,13:30,2
213A,1,0.9230769231,09:15,2
213B,1,0.7857142857,06:20,2
213C,1,0.9696969697,05:55,2
213D,2,0.1,07:05,2
213DA,2,0.0833333333,06:35,2
213DB,2,0.3076923077,15:30,2
213DC,2,0.2,08:45,2
213E,1,0.9047619048,06:15,2
213F,2,,08:05,2
213FA,2,,06:05,2
213G,2,0.0454545455,06:50,2
213H,2,,07:05,2
213J,1,0.9318181818,06:25,2
213K,2,0.0238095238,06:40,2
213L,2,0.1052631579,07:30,2
213M,2,0.0652173913,06:45,2
213N,2,0.0454545455,07:30,2
213P,2,0.0833333333,05:00,2
213Q,2,,14:10,2
213QA,2,0.1111111111,06:10,2
213T,1,0.875,09:10,2
213V,2,0.1276595745,06:25,2
213Z,2,0.2115384615,05:50,2
214,2,0.5714285714,06:35,3
214A,2,0.0731707317,07:00,2
214B,2,0.3684210526,06:05,2
214C,2,0.2619047619,06:05,2
214D,2,0.2857142857,07:45,2
214E,2,0.2368421053,07:45,2
214G,2,0.3863636364,06:40,2
214H,2,0.3076923077,06:50,2
214J,2,0.1428571429,06:40,2
214K,3,0.2,13:25,3
214L,2,0.2826086957,07:50,2
215,2,0.6086956522,06:30,3
215A,2,0.1428571429,06:05,2
215AB,2,0.7272727273,06:40,3
215B,2,0.0454545455,05:45,2
215BA,2,0.3913043478,07:00,2
215BB,2,0.3076923077,06:00,2
215C,3,0.4090909091,05:40,3
215CA,4,,05:35,4
215CB,2,0.3076923077,08:05,2
215CD,2,0.6470588235,06:50,3
215D,2,0.380952381,08:10,2
215E,2,0.380952381,06:00,2
215H,2,0.5,04:50,2
215HA,2,0.3333333333,05:00,2
215HB,10,0.625,06:40,11
215J,2,0.5,06:25,2
215K,2,0.5,06:40,2
215M,2,0.75,06:30,3
215MA,3,,07:30,3
215N,2,0.7777777778,07:15,3
215NA,2,0.3333333333,08:30,2
215NB,2,0.2222222222,09:20,2
215P,1,0.7391304348,05:00,2
215R,2,0.619047619,07:20,3
215T,2,0.5,05:55,2
215U,1,0.7307692308,09:20,2
215W,2,0.7586206897,07:40,3
215X,2,0.2727272727,06:25,2
215Y,2,0.5,05:35,2
215Z,2,0.5675675676,09:00,3
215ZA,2,0.3529411765,07:30,2
216,2,0.5,07:55,2
216B,2,0.2058823529,06:40,2
217,4,0.5833333333,05:40,5
217B,2,0.5,06:00,2
217C,2,0.6785714286,08:10,3
217D,60,,09:20,60
218,2,0.6,07:15,3
218A,2,0.2222222222,07:55,2
218B,2,0.34375,08:30,2
219A,2,0.2727272727,06:00,2
22,2,0.9166666667,09:20,3
220A,3,0.8461538462,06:50,4
220D,4,0.4444444444,05:30,4
220E,2,0.7777777778,09:00,3
221,3,0.75,07:00,4
221B,2,0.9032258065,06:20,3
221D,2,0.7272727273,05:25,3
221E,2,0.4,05:30,2
221F,2,0.6,06:20,3
221G,2,0.4,05:50,2
221H,2,0.5,08:15,2
221J,3,0.6764705882,06:00,4
221K,3,0.75,08:05,4
221L,2,0.7272727273,07:55,3
222A,2,0.8260869565,05:30,3
222C,2,0.5,05:00,2
222D,1,0.9696969697,07:30,2
222F,2,0.3913043478,05:00,2
222K,2,0.6666666667,06:00,3
222M,1,0.9318181818,10:20,2
222N,2,0.6086956522,05:30,3
223A,2,0.2413793103,05:45,2
223D,3,,06:10,3
223E,2,0.6086956522,05:50,3
223F,2,0.0833333333,06:15,2
223G,2,0.1739130435,07:25,2
223H,2,0.380952381,08:15,2
223L,2,0.2727272727,08:05,2
223N,2,0.5,07:05,2
223P,2,0.2916666667,07:00,2
223PA,2,0.5,07:20,2
223Q,55,,06:40,55
224,2,0.619047619,06:35,3
224A,2,0.8571428571,06:00,3
224C,2,0.7272727273,07:35,3
224D,3,,06:30,3
224E,3,0.9285714286,06:15,4
225,2,0.5,05:05,2
225A,2,0.8571428571,09:05,3
225AB,3,0.1578947368,05:00,3
225B,1,0.7142857143,10:20,2
225C,2,0.8571428571,04:40,3
225CB,2,0.7272727273,05:40,3
225CF,2,0.6086956522,08:00,3
225D,2,0.5,06:15,2
225DA,2,0.6470588235,07:15,3
225F,2,0.619047619,08:00,3
225G,3,0.125,05:30,3
225J,2,0.5,09:20,2
225K,3,0.3333333333,05:00,3
225L,2,0.5,07:45,2
225P,3,,06:30,3
226,2,0.3529411765,05:40,2
226A,2,0.5,14:10,2
226B,2,0.6785714286,06:55,3
226C,2,0.2727272727,06:00,2
226D,2,0.5,04:30,2
226E,2,0.4242424242,05:30,2
226F,2,0.0833333333,05:45,2
226G,2,0.2093023256,08:20,2
226H,2,0.1428571429,10:50,2
226J,2,0.1621621622,09:55,2
226K,2,0.3611111111,05:00,2
226L,2,0.2857142857,05:40,2
226M,2,0.9166666667,05:10,3
226N,2,0.0731707317,04:30,2
226NA,2,0.9268292683,07:40,3
226P,2,0.4390243902,08:50,2
226Q,2,0.1794871795,09:25,2
226R,2,0.65625,08:15,3
226S,2,0.3255813953,05:30,2
226SB,2,0.7272727273,07:15,3
226T,2,0.0512820513,05:45,2
226U,2,0.3076923077,08:30,2
226V,2,0.3170731707,04:40,2
226VA,2,0.4418604651,05:00,2
226VB,2,0.6666666667,06:00,3
226VC,2,0.7272727273,04:30,3
226Z,1,0.8918918919,07:50,2
227A,3,0.4848484848,06:35,3
227B,2,0.1794871795,05:50,2
227BA,2,0.6829268293,04:50,3
227C,2,0.2222222222,05:05,2
227CA,2,0.7777777778,05:35,3
227D,2,0.1875,05:15,2
227E,2,0.1052631579,05:45,2
227F,2,0.3076923077,05:00,2
227G,3,,08:15,3
227H,1,0.7142857143,08:00,2
227J,2,0.5,05:00,2
227K,2,0.25,06:15,2
227L,2,0.3170731707,05:00,2
227M,3,0.152173913,07:10,3
227N,1,0.9444444444,07:00,2
227NA,2,0.125,09:50,2
227P,2,0.1621621622,06:20,2
227Q,2,0.4285714286,07:40,2
227R,2,0.8787878788,05:00,3
227RC,2,0.3684210526,07:40,2
227S,2,0.1052631579,13:00,2
227T,2,0.5862068966,05:30,3
227U,2,0.1590909091,04:30,2
227UB,2,0.5531914894,06:20,3
227V,2,0.5,16:20,2
227VA,2,0.5555555556,08:05,3
227VB,2,0.5641025641,07:30,3
227VC,1,0.9512195122,09:05,2
227W,2,0.3170731707,08:45,2
227Y,2,0.5,05:45,2
227Z,2,0.2641509434,05:30,2
227ZA,2,0.4489795918,05:55,2
228,2,0.3214285714,06:10,2
228A,2,0.2222222222,05:30,2
228B,2,0.5,06:30,2
228C,2,0.2727272727,05:50,2
228E,2,0.4193548387,06:55,2
228F,2,0.027027027,06:00,2
228H,2,0.3611111111,04:45,2
228J,2,0.6666666667,09:35,3
228K,3,0.3333333333,08:45,3
228L,2,0.7272727273,06:40,3
229,2,0.4074074074,06:15,2
229A,2,0.5862068966,05:00,3
229D,2,0.5714285714,05:00,3
230,2,0.4,05:50,2
230A,2,0.3913043478,05:30,2
231,2,0.3529411765,08:30,2
231A,2,0.7272727273,07:45,3
231B,2,0.2058823529,05:45,2
231C,2,0.6470588235,06:10,3
231D,2,0.2222222222,05:30,2
231E,2,0.1794871795,06:30,2
231F,2,0.3170731707,05:20,2
231G,2,0.5,07:25,2
231H,2,0.5,06:25,2
231J,2,0.2619047619,05:30,2
231K,2,0.2093023256,10:00,2
231L,2,0.6470588235,07:00,3
231P,2,0.3913043478,07:45,2
234,2,0.380952381,06:10,2
234A,2,0.619047619,04:50,3
234E,3,0.1818181818,06:20,3
234F,3,,07:35,3
235A,2,0.2727272727,06:50,2
235AA,2,0.619047619,06:45,3
235AB,2,0.5,06:55,2
235B,2,0.2222222222,06:50,2
235C,3,0.8095238095,15:50,4
235D,1,0.9642857143,05:50,2
235E,2,0.8571428571,09:25,3
235F,2,0.5,08:10,2
235H,2,0.5,08:30,2
235K,2,0.0689655172,08:05,2
235P,2,,06:45,2
235Q,1,0.9642857143,05:10,2
237,3,0.6666666667,06:45,4
237C,2,0.6315789474,06:25,3
237D,2,,09:05,2
237J,2,0.5925925926,05:45,3
238,2,0.5,05:05,2
238A,2,0.1875,06:20,2
238AB,4,0.4117647059,06:35,4
238B,2,0.5,07:50,2
238C,2,0.5,06:55,2
238G,1,0.7857142857,06:30,2
238K,2,0.5,07:10,2
238L,2,0.6470588235,06:55,3
238S,2,0.4,06:45,2
238U,2,0.6315789474,05:50,3
238UB,2,0.5,05:15,2
238V,2,0.7777777778,05:30,3
238VA,3,0.0952380952,05:10,3
238VB,2,0.6,06:40,3
238VR,2,0.2222222222,06:50,2
238W,2,0.8846153846,08:15,3
238Z,2,0.1428571429,07:45,2
238ZA,2,0.4137931034,05:50,2
239A,2,0.037037037,07:00,2
239B,3,0.0434782609,08:00,3
239C,2,0.3076923077,07:00,2
239D,2,0.0454545455,07:25,2
240,2,0.5,05:45,2
240A,2,0.1153846154,09:40,2
240BA,3,0.125,06:50,3
240C,2,0.619047619,05:30,3
240D,4,0.0909090909,06:20,4
240E,2,0.6,04:30,3
240J,2,0.619047619,05:30,3
240K,3,0.5106382979,06:00,4
240M,3,0.3333333333,05:00,3
240N,1,0.5306122449,04:45,2
240P,2,0.1428571429,05:20,2
240R,2,0.8947368421,05:50,3
241,2,0.6086956522,06:00,3
241B,4,0.7727272727,16:05,5
241C,2,0.619047619,05:00,3
241CB,2,0.7777777778,05:05,3
241CJ,2,0.7272727273,06:00,3
241CN,2,0.75,05:45,3
241D,2,0.6666666667,06:15,3
241E,2,0.8571428571,05:10,3
241G,2,0.4,07:10,2
241K,2,0.8,05:30,3
241L,2,0.3333333333,07:00,2
241M,3,0.1111111111,04:30,3
241N,2,0.75,05:45,3
241Q,3,0.25,06:05,3
241S,3,0.1034482759,09:20,3
242,2,0.4193548387,05:40,2
242AA,2,0.2093023256,07:20,2
242B,2,0.5,05:25,2
242CB,3,,05:30,3
242D,2,0.8125,05:50,3
242E,2,0.2222222222,05:00,2
242F,2,0.5,05:05,2
242FA,2,0.4193548387,08:30,2
242FB,2,0.5806451613,08:00,3
242G,2,0.6470588235,08:05,3
242J,2,0.2222222222,05:20,2
242JA,2,0.5641025641,09:00,3
242JK,2,0.4285714286,07:30,2
242K,2,0.1052631579,06:00,2
242L,2,0.4358974359,05:15,2
242MA,2,0.2826086957,05:00,2
242N,2,0.3076923077,04:45,2
242P,2,0.5,04:20,2
242PA,2,0.5609756098,08:55,3
242Q,2,0.1212121212,05:30,2
242R,2,0.2857142857,05:25,2
242RA,2,0.2058823529,09:30,2
242T,2,0.2857142857,05:00,2
242TA,2,0.3684210526,08:40,2
242TB,2,0.1052631579,04:00,2
242TC,0,0.9183673469,08:50,1
242TD,2,0.3076923077,05:35,2
242TE,2,0.625,08:50,3
242U,2,0.3529411765,05:15,2
242VC,2,0.9411764706,08:05,3
242W,2,0.358490566,09:10,2
242X,2,0.380952381,09:30,2
242Y,2,0.25,07:40,2
242ZB,2,0.8571428571,04:45,3
242ZC,1,0.5,06:45,1
243,3,0.3333333333,04:25,3
243A,2,0.5,05:30,2
243B,1,0.9565217391,08:30,2
243C,2,0.5,07:00,2
243D,2,0.5,05:00,2
243F,3,0.3333333333,06:15,3
243G,2,0.6923076923,05:30,3
243H,1,0.9230769231,06:40,2
243J,2,0.7777777778,06:10,3
243M,2,0.6086956522,05:15,3
244A,2,0.8125,05:30,3
244C,3,0.125,06:35,3
244D,1,0.9565217391,14:40,2
244F,2,0.5,06:35,2
244G,2,0.5,07:25,2
244K,5,0.7692307692,06:30,6
245,2,0.0588235294,05:25,2
245A,1,0.8,11:35,2
245B,2,0.3529411765,04:45,2
245C,2,0.2222222222,05:20,2
245D,2,0.34375,05:15,2
245DA,2,0.4193548387,06:10,2
245E,1,0.935483871,05:00,2
245F,2,0.0833333333,05:45,2
245GA,3,0.1818181818,09:00,3
245H,2,0.5609756098,05:40,3
245J,2,0.2222222222,08:50,2
245K,2,0.6785714286,08:05,3
245L,2,0.1794871795,05:30,2
245M,2,0.4074074074,08:05,2
245MA,2,0.8333333333,09:35,3
245N,2,0.5925925926,08:45,3
245P,1,0.9230769231,07:15,2
245Q,2,0.5,07:30,2
245R,2,0.5862068966,06:15,3
245TC,2,0.1428571429,07:55,2
246,3,0.75,06:20,4
246A,2,0.4,06:40,2
247,1,0.7777777778,05:15,2
248,2,0.7419354839,05:20,3
248AB,2,0.4242424242,05:45,2
248AN,1,0.3541666667,06:30,1
248B,2,0.5,05:45,2
248BA,2,0.3333333333,05:35,2
248C,2,0.2916666667,08:45,2
248D,1,0.511627907,06:35,2
248F,2,0.7272727273,06:25,3
248G,2,0.75,07:10,3
248J,2,0.6666666667,09:30,3
248K,2,0.1951219512,05:30,2
248L,2,0.3076923077,06:45,2
248M,2,0.2340425532,07:25,2
248N,1,0.8918918919,05:45,2
248P,1,0.9444444444,05:40,2
248R,3,0.4615384615,05:20,3
248T,1,0.6666666667,07:10,2
248U,1,0.8918918919,08:15,2
248V,2,0.2058823529,06:25,2
248W,2,0.75,06:30,3
248Z,2,0.2641509434,05:30,2
24E,2,0.5,07:45,2
24H,2,0.1052631579,07:00,2
24N,1,0.8421052632,07:30,2
25,3,0.3333333333,07:00,3
250,2,0.2222222222,06:05,2
250A,2,0.5,05:20,2
250AB,2,0.3076923077,06:50,2
250AC,2,0.2222222222,08:30,2
250B,2,0.7083333333,08:10,3
250BA,2,0.7272727273,09:05,3
250C,2,0.75,05:55,3
250CA,2,0.5,09:00,2
250CB,2,0.75,09:05,3
250CC,3,0.1578947368,08:35,3
250D,2,0.1153846154,05:20,2
250E,2,0.5,06:35,2
250F,2,0.3333333333,06:55,2
250G,3,0.3333333333,05:30,3
250H,2,0.5,09:25,2
250J,3,0.2608695652,07:00,3
250L,2,0.1428571429,08:10,2
250M,2,0.5,07:05,2
250N,2,0.6086956522,07:05,3
250P,2,0.8846153846,07:15,3
250R,2,0.3076923077,07:40,2
250S,2,0.6086956522,05:55,3
250SA,2,0.6923076923,05:30,3
250TA,1,0.8965517241,06:40,2
250V,2,0.3214285714,05:15,2
250W,1,0.8965517241,07:00,2
250X,2,0.6785714286,08:45,3
250Y,2,0.4,05:30,2
250YA,2,0.1739130435,07:40,2
250YB,2,0.2916666667,16:10,2
250Z,2,0.4,05:35,2
251,2,0.25,06:35,2
251A,2,0.380952381,05:00,2
251B,1,0.9565217391,08:00,2
251C,2,0.2,05:30,2
251E,2,0.3076923077,05:30,2
251G,2,0.5,05:30,2
251M,2,0.3958333333,06:45,2
252,3,0.9130434783,04:55,4
252A,2,0.8846153846,05:10,3
252C,1,0.8292682927,09:20,2
252D,2,0.8947368421,07:35,3
252E,3,0.4090909091,05:30,3
252F,2,0.4,05:00,2
252FA,2,,06:30,2
252FB,2,0.5,06:45,2
252GA,2,0.5,07:35,2
252H,2,0.0454545455,05:15,2
252J,2,0.1153846154,06:50,2
252K,2,0.0689655172,08:10,2
252L,2,0.6086956522,07:50,3
252N,1,0.9444444444,07:55,2
252R,2,0.5,09:15,2
252RA,2,0.4,09:15,2
252V,60,,07:30,60
253,2,0.1794871795,08:30,2
253A,2,0.5,06:55,2
253D,2,0.5609756098,06:40,3
253E,2,0.2093023256,05:30,2
253F,2,0.3913043478,07:20,2
253H,2,0.5510204082,07:25,3
253HC,2,0.2,06:45,2
253J,2,0.1428571429,06:25,2
253K,2,0.5531914894,09:40,3
253M,1,0.6666666667,07:10,2
253N,2,0.3913043478,08:30,2
253P,2,0.2619047619,08:40,2
253Q,2,0.0512820513,06:25,2
253R,2,0.3684210526,08:05,2
253T,2,0.2826086957,06:30,2
253W,2,0.3684210526,09:35,2
254A,1,0.9444444444,06:00,2
254C,2,0.3684210526,09:55,2
254D,2,0.2857142857,06:55,2
254E,2,0.5806451613,06:00,3
255,2,0.0930232558,04:30,2
255A,1,0.8888888889,06:00,2
255AA,1,0.9736842105,14:25,2
255AC,2,0.2,08:30,2
255C,2,0.1428571429,04:30,2
255D,2,,04:30,2
255E,2,0.0454545455,05:00,2
255F,1,0.7,07:45,2
255H,1,0.6666666667,08:20,2
255J,2,0.0238095238,05:10,2
256,1,0.8604651163,16:20,2
256B,1,0.5476190476,05:30,2
256C,2,0.3913043478,08:15,2
256D,2,0.0512820513,04:50,2
256F,1,0.8965517241,06:00,2
256K,2,0.5757575758,08:55,3
256M,1,0.8461538462,05:20,2
257,1,0.9444444444,05:50,2
257B,1,0.935483871,07:30,2
257C,2,0.5,07:50,2
257D,2,0.0588235294,05:40,2
257E,2,0.2580645161,08:00,2
257G,2,0.5862068966,05:45,3
257H,2,0.34375,08:15,2
258,2,0.0930232558,05:45,2
258A,1,0.8269230769,05:00,2
258AB,2,0.375,05:30,2
258B,2,0.0512820513,05:00,2
258BN,2,0.5862068966,07:35,3
258C,2,0.2368421053,05:00,2
258CB,3,,06:50,3
258CC,2,0.5,05:30,2
258E,1,0.8,06:30,2
258G,1,0.8367346939,05:05,2
258GA,1,0.7,08:40,2
258K,2,,05:35,2
258KA,2,0.0192307692,04:50,2
258M,2,0.1428571429,05:30,2
258N,1,0.5384615385,05:20,2
258P,2,0.0408163265,05:45,2
258Q,1,0.875,09:30,2
258QA,1,0.9811320755,17:25,2
258S,1,0.9090909091,05:30,2
258SA,1,0.7857142857,05:45,2
258SD,2,0.1818181818,09:30,2
258T,1,0.7647058824,09:20,2
258TA,1,0.7857142857,06:45,2
258TB,1,0.8867924528,08:35,2
258TC,2,0.3913043478,13:05,2
258V,2,0.0967741935,04:30,2
258VA,2,0.1,05:20,2
258VB,2,0.0833333333,05:10,2
258VC,2,0.1875,08:35,2
258VD,1,0.5254237288,17:55,2
258VF,1,0.7857142857,05:15,2
258VG,2,0.1153846154,12:55,2
258W,2,0.0588235294,08:10,2
258WA,5,0.4545454545,07:45,5
258X,1,0.8918918919,06:00,2
258Y,1,0.3265306122,11:55,1
258YA,2,0.1111111111,05:45,2
259B,2,0.037037037,07:30,2
25A,2,0.5,04:55,2
25B,2,0.1739130435,07:20,2
25C,2,0.5,07:00,2
25D,2,0.380952381,06:10,2
25H,2,0.3684210526,07:00,2
25N,2,0.380952381,06:30,2
25R,1,0.724137931,05:30,2
26,2,0.9166666667,08:05,3
261,2,0.2916666667,06:25,2
263,1,0.6666666667,05:45,2
263A,2,0.2580645161,07:05,2
263B,2,0.7777777778,06:05,3
263C,2,0.3684210526,05:00,2
263D,2,0.2,14:40,2
263E,2,0.4137931034,05:00,2
263G,2,0.3076923077,05:35,2
263H,2,0.3913043478,06:25,2
263J,2,0.2222222222,08:00,2
263P,2,0.5,08:35,2
263R,0,0.8571428571,08:05,1
264,2,0.1276595745,05:00,2
264A,2,0.2222222222,05:00,2
265,2,0.7380952381,04:25,3
265A,2,0.8048780488,04:00,3
265B,2,0.2,06:30,2
265D,5,0.7142857143,07:25,6
265E,1,0.914893617,04:50,2
266,2,0.3684210526,06:00,2
266B,2,0.2058823529,15:10,2
266C,2,0.7777777778,08:50,3
266D,1,0.8181818182,04:45,2
266E,2,0.3529411765,04:25,2
266F,1,0.8181818182,05:30,2
266G,2,0.2058823529,04:45,2
266K,2,0.2222222222,05:35,2
266M,2,0.34375,05:50,2
266N,3,,06:05,3
266Q,2,0.5,05:25,2
266R,2,0.7777777778,08:10,3
266T,2,0.7586206897,07:15,3
267A,2,0.75,05:30,3
267B,2,0.4482758621,05:45,2
267C,2,0.2727272727,09:10,2
268,1,0.9444444444,07:55,2
269,3,0.125,06:45,3
269A,2,0.1739130435,08:00,2
269B,2,0.6086956522,05:20,3
27,2,0.4,07:50,2
270,2,0.1212121212,06:15,2
270A,2,0.4,11:40,2
270C,2,0.1052631579,06:50,2
270D,2,0.1428571429,05:55,2
270G,2,0.2916666667,08:00,2
270HA,2,0.9310344828,08:15,3
271,4,0.4736842105,10:20,4
271A,2,0.2,08:40,2
271C,2,0.5,07:05,2
271D,3,,07:05,3
271E,2,0.2727272727,05:20,2
271F,1,0.9444444444,06:45,2
271G,2,0.3333333333,05:00,2
271K,2,0.8571428571,06:00,3
271N,1,0.9117647059,06:00,2
271P,2,0.1739130435,07:45,2
271Q,1,0.875,05:15,2
271R,2,0.0731707317,05:15,2
271T,1,0.8518518519,05:30,2
272B,2,0.5862068966,05:50,3
272E,2,0.8571428571,07:50,3
273,1,0.875,05:45,2
273B,2,0.2,07:05,2
273C,2,0.5,05:40,2
273E,2,0.2413793103,08:00,2
273F,1,0.6666666667,05:40,2
273H,2,0.3529411765,08:50,2
273J,2,0.380952381,05:35,2
275,2,0.1153846154,15:40,2
275A,2,0.4,07:10,2
275B,2,0.6,07:00,3
275C,2,0.8947368421,04:30,3
276,2,0.8260869565,00:05,3
276A,2,0.3076923077,05:30,2
276B,2,0.3214285714,09:30,2
276C,3,0.3333333333,06:05,3
276D,2,0.5,05:50,2
276E,2,0.2222222222,08:05,2
276K,3,0.2142857143,05:15,3
276P,2,0.3529411765,06:15,2
277,2,0.8571428571,07:40,3
278,2,0.3076923077,07:35,2
278A,2,0.6666666667,06:05,3
278E,4,,05:45,4
278K,2,0.5,06:45,2
279,4,0.0909090909,07:05,4
279A,3,0.125,07:10,3
279C,4,0.2307692308,06:40,4
279E,3,0.3333333333,04:35,3
279F,2,0.8125,04:40,3
279H,3,0.2142857143,08:20,3
279K,2,0.5,05:40,2
27A,2,0.2,07:45,2
27E,2,0.5,07:10,2
27N,2,0.4,08:45,2
280,2,0.5,06:25,2
280A,2,0.6923076923,08:05,3
280E,2,0.2413793103,07:10,2
280F,3,0.4,07:05,3
280K,2,0.6923076923,08:25,3
280L,2,0.3333333333,06:10,2
280M,2,0.6923076923,07:55,3
281,1,0.75,07:25,2
281G,2,0.6388888889,06:20,3
281K,2,0.3076923077,07:55,2
282,2,0.34375,07:05,2
282A,2,0.5806451613,08:25,3
282B,2,0.4324324324,06:45,2
282C,2,0.3611111111,05:55,2
282E,2,0.1052631579,07:50,2
282F,2,0.65625,06:00,3
282G,2,0.6,06:45,3
282H,2,0.1212121212,10:40,2
283,2,0.9411764706,08:15,3
283A,2,0.34375,05:00,2
283B,2,0.3611111111,06:25,2
283D,2,0.8333333333,07:00,3
283E,1,0.5789473684,06:10,2
284,5,0.2941176471,08:05,5
284A,4,0.2857142857,11:20,4
284B,1,0.4516129032,07:50,1
284C,2,0.3529411765,07:45,2
284D,4,0.7619047619,05:30,5
285,2,0.2727272727,08:45,2
285A,2,0.1666666667,06:00,2
285B,2,0.962962963,20:00,3
285C,2,0.5714285714,07:00,3
285CA,2,0.6315789474,15:35,3
285CB,2,0.7027027027,09:45,3
285CC,2,0.7027027027,07:00,3
285D,2,0.4242424242,07:25,2
285E,2,0.4324324324,05:30,2
285F,2,0.3684210526,06:30,2
285G,2,0.4358974359,05:15,2
285H,2,0.8125,08:40,3
285J,2,0.1621621622,07:00,2
285JA,2,0.5,18:00,2
285JB,2,0.8048780488,07:50,3
285JE,1,0.5853658537,07:50,2
285K,2,0.5757575758,07:45,3
285L,2,0.0930232558,06:35,2
285M,2,0.5,05:00,2
285MA,85,,05:45,85
285MF,2,0.7777777778,06:50,3
285MG,2,0.3913043478,09:40,2
285MK,2,0.2826086957,05:45,2
285N,2,0.7142857143,09:15,3
285P,2,0.5675675676,05:10,3
285R,2,0.380952381,07:55,2
285RA,2,,06:35,2
285RB,2,0.6086956522,07:35,3
285V,1,0.9047619048,09:10,2
285X,2,0.2222222222,07:25,2
285Y,2,0.3684210526,06:30,2
285Z,2,0.2222222222,09:25,2
285w,2,0.4324324324,09:15,2
286,2,0.619047619,07:40,3
286A,2,0.7777777778,06:40,3
286B,2,0.2916666667,06:00,2
286D,2,0.5,06:15,2
286E,2,0.6086956522,06:50,3
286F,2,0.5,06:20,2
286G,2,0.8125,07:45,3
286H,2,0.5,09:00,2
287A,2,0.2727272727,09:20,2
287B,2,0.8571428571,07:05,3
287C,2,0.1052631579,06:30,2
287D,3,0.2142857143,05:55,3
287F,2,0.5,09:15,2
287G,6,0.25,06:50,6
287JA,3,0.75,08:50,4
287K,2,0.3684210526,08:35,2
287L,3,0.8461538462,06:05,4
287M,2,0.0689655172,07:20,2
287N,1,0.5789473684,05:45,2
287P,1,0.9444444444,06:40,2
287Q,2,0.3529411765,06:55,2
287R,6,0.6666666667,06:20,7
287RA,6,0.6666666667,06:10,7
287S,2,0.4193548387,06:00,2
287T,2,0.8947368421,09:00,3
288,2,0.619047619,06:10,3
288A,1,0.9565217391,06:45,2
288C,3,0.9285714286,07:30,4
288D,2,0.8125,07:25,3
288F,2,0.3913043478,09:25,2
288H,3,0.6111111111,04:30,4
288M,2,0.2916666667,08:00,2
289,2,0.1212121212,06:35,2
289A,2,0.5,08:15,2
289AB,6,0.4285714286,08:25,6
289B,2,0.8205128205,07:20,3
289C,2,0.4324324324,07:35,2
289D,2,0.9166666667,12:10,3
289E,2,0.4285714286,07:15,2
289F,2,0.8787878788,06:00,3
289H,3,,06:30,3
289K,2,0.5,10:20,2
289L,3,0.6,06:20,4
289M,2,0.3611111111,06:00,2
289R,2,0.4358974359,05:20,2
29,2,0.380952381,06:50,2
290,4,0.0909090909,05:50,4
290A,1,0.9565217391,06:45,2
290B,2,0.1739130435,05:30,2
290C,1,0.9444444444,06:30,2
290D,3,0.125,06:35,3
290E,2,0.2058823529,05:20,2
290H,2,0.3333333333,06:05,2
290J,2,0.2,05:15,2
290K,3,0.1818181818,07:40,3
290L,3,0.6363636364,06:50,4
290N,2,,07:35,2
290NA,100,,05:40,100
290Q,2,0.3076923077,06:00,2
290QA,75,,07:05,75
290R,2,0.2368421053,06:05,2
290RA,2,0.625,11:00,3
290S,1,0.9565217391,06:00,2
290T,2,0.03125,07:25,2
290Y,4,0.5454545455,05:50,5
290Z,2,0.1212121212,05:25,2
291,2,0.0454545455,06:50,2
291A,2,0.5,06:45,2
291D,2,0.6,05:45,3
291E,2,0.9411764706,06:50,3
291G,3,0.1818181818,06:20,3
291H,2,0.9166666667,00:00,3
291J,2,0.7272727273,04:40,3
291K,2,0.3684210526,05:30,2
291L,2,0.2619047619,07:55,2
291M,3,0.2142857143,06:20,3
291N,2,0.8125,06:55,3
291P,3,0.4782608696,06:50,3
291R,2,0.8947368421,06:40,3
292,2,0.6086956522,09:50,3
292B,2,0.8571428571,06:10,3
292C,3,0.1578947368,06:30,3
293,2,0.7777777778,05:50,3
293A,2,0.5,05:45,2
293B,3,0.3333333333,06:25,3
293C,2,0.8571428571,07:00,3
293D,3,0.4375,06:45,3
293E,2,0.2857142857,06:55,2
293F,2,0.5714285714,07:30,3
293H,3,0.1481481481,06:25,3
293J,2,0.8125,07:35,3
293K,2,0.2058823529,09:55,2
293L,2,0.7586206897,07:00,3
293M,2,0.4285714286,06:30,2
293P,1,0.5,08:30,1
293S,80,,06:00,80
294,2,0.5,06:35,2
294A,2,0.7083333333,06:35,3
294B,2,0.5,07:00,2
294C,3,0.4615384615,07:30,3
294D,2,0.8,08:15,3
294E,2,0.7272727273,06:35,3
294F,2,0.8260869565,07:45,3
295,3,0.1818181818,07:40,3
295A,2,0.7272727273,06:50,3
295C,3,0.0555555556,06:55,3
295E,2,0.9545454545,07:05,3
296A,3,0.0769230769,09:25,3
296B,2,0.7777777778,06:15,3
296D,2,0.3333333333,07:20,2
296F,3,0.2,06:35,3
296K,2,0.2857142857,07:00,2
296N,3,0.4782608696,07:05,3
296Q,2,0.3076923077,07:05,2
296T,3,,07:40,3
297,2,0.625,08:00,3
297A,2,0.5,09:15,2
297B,2,0.6829268293,15:30,3
297F,1,0.1538461538,06:55,1
297H,1,0.9230769231,11:20,2
297K,2,0.8571428571,06:10,3
297M,8,,09:30,8
298,2,0.1052631579,06:20,2
298C,2,0.0930232558,04:45,2
298M,2,0.375,05:00,2
298MA,2,0.380952381,05:30,2
298MB,2,0.0238095238,06:30,2
298MC,2,0.6829268293,05:15,3
298ME,2,0.1428571429,08:15,2
298MG,2,0.2826086957,06:55,2
298MK,1,0.8888888889,05:00,2
298P,3,0.1818181818,06:30,3
298PA,3,0.8888888889,07:20,4
298PB,4,0.4117647059,06:30,4
298PC,4,0.375,05:30,4
298Y,2,,06:45,2
299E,2,0.1621621622,06:00,2
29E,2,0.0454545455,07:00,2
2A,2,0.8125,06:20,3
2B,2,0.7777777778,06:45,3
2D,2,0.5,06:15,2
2E,3,0.2352941176,05:35,3
300,1,0.875,06:25,2
300A,2,0.619047619,06:35,3
300B,3,,06:45,3
300C,2,0.3076923077,05:30,2
300D,4,0.6875,05:25,5
300E,2,0.2916666667,05:15,2
300F,2,0.2,05:40,2
300H,2,0.5,05:00,2
300K,2,0.3214285714,07:55,2
300L,2,0.2222222222,09:40,2
300MB,2,0.8571428571,07:45,3
300P,1,0.7307692308,06:20,2
300T,2,0.5714285714,07:35,3
300V,2,0.5,07:30,2
301,3,0.0434782609,06:20,3
301A,2,0.5,06:35,2
301D,2,0.7631578947,07:50,3
301E,2,0.1153846154,06:00,2
301F,2,0.6923076923,09:05,3
301R,3,0.0882352941,11:25,3
302,2,0.1875,05:15,2
302A,2,0.6315789474,05:45,3
302C,3,0.0555555556,13:00,3
302D,2,0.9545454545,07:25,3
302E,2,0.5,05:50,2
302F,3,0.4375,05:30,3
302G,3,0.4615384615,07:45,3
302J,2,0.3684210526,06:25,2
302K,2,0.6315789474,05:55,3
302M,2,0.5,06:00,2
302N,3,0.3333333333,05:45,3
303A,2,0.380952381,06:05,2
303B,2,0.6470588235,08:00,3
303C,2,0.3684210526,05:25,2
303D,2,0.8125,07:35,3
303E,2,0.6315789474,06:00,3
303F,3,0.0769230769,06:30,3
303G,2,0.380952381,06:10,2
304,2,0.125,04:45,2
304A,2,0.1428571429,07:00,2
304B,3,0.4,05:40,3
304C,2,0.4137931034,05:10,2
304D,2,0.7142857143,06:40,3
304E,2,0.4418604651,06:30,2
304F,2,0.5,08:20,2
304H,2,0.2727272727,08:00,2
304J,2,0.5,08:05,2
304L,2,0.1951219512,08:30,2
304M,2,0.2448979592,06:55,2
304N,2,0.5,07:05,2
304NA,1,0.7948717949,14:20,2
304P,2,0.4444444444,07:50,2
304Q,2,0.6086956522,07:50,3
304R,2,0.5531914894,11:05,3
304S,2,0.7027027027,10:45,3
304T,2,0.4285714286,06:55,2
304V,2,0.1875,07:15,2
304VA,2,0.9032258065,06:55,3
304X,2,0.5,08:00,2
304Z,2,0.1428571429,08:05,2
305,2,0.4324324324,04:50,2
305A,2,0.3684210526,06:30,2
305B,2,0.3684210526,05:15,2
305C,2,0.1052631579,06:50,2
305D,2,0.4242424242,06:00,2
305E,2,0.2368421053,06:30,2
305F,2,0.1621621622,09:10,2
305G,2,0.3076923077,06:30,2
305H,2,0.8125,06:45,3
305J,2,0.4358974359,06:35,2
305K,2,0.9166666667,05:10,3
305L,2,0.75,07:20,3
305M,2,0.0512820513,15:00,2
305N,2,0.5609756098,06:35,3
305NT,3,0.5294117647,09:05,4
305P,2,0.6315789474,07:40,3
305Q,2,0.8205128205,06:10,3
305R,2,0.8378378378,06:25,3
305S,2,0.5,08:30,2
305V,2,0.5714285714,07:25,3
306,2,0.1621621622,07:25,2
306A,2,0.0454545455,06:00,2
306B,2,0.875,06:25,3
306C,2,0.4324324324,06:00,2
306D,2,0.6315789474,05:45,3
306E,2,0.625,06:50,3
306F,2,0.25,08:45,2
306G,2,0.4390243902,07:20,2
306H,2,0.25,06:50,2
306J,2,0.1951219512,06:00,2
306K,2,0.1052631579,07:40,2
306L,2,0.1111111111,08:15,2
306M,2,0.3863636364,06:15,2
306MA,2,0.3333333333,06:00,2
306P,2,0.2826086957,07:30,2
306Q,2,0.8125,07:30,3
306R,1,0.6666666667,10:30,2
306S,2,0.4390243902,10:30,2
306T,2,0.1951219512,06:35,2
307A,2,0.6923076923,09:25,3
307B,2,0.5,06:45,2
307C,2,0.6785714286,06:45,3
308,2,0.5806451613,06:45,3
308B,2,0.8125,09:55,3
310,3,0.8461538462,07:05,4
310E,2,0.619047619,07:05,3
311,2,0.7777777778,09:25,3
311C,3,0.4615384615,07:15,3
311E,3,,06:35,3
311F,2,0.5,06:20,2
311J,3,0.125,08:30,3
311K,1,0.6666666667,08:25,2
312,3,0.3333333333,07:15,3
312A,2,0.8947368421,09:45,3
313B,2,0.75,06:50,3
313C,2,0.3684210526,06:25,2
313D,2,0.2916666667,08:45,2
313E,2,0.9166666667,06:40,3
313F,3,0.2608695652,06:50,3
313G,2,0.619047619,09:50,3
313K,2,0.8571428571,06:00,3
313L,3,,06:10,3
313M,2,0.4,06:50,2
313P,2,0.3913043478,07:40,2
313T,2,0.2,06:30,2
313U,2,0.3913043478,09:15,2
314,3,0.9285714286,06:45,4
314A,2,0.7777777778,06:20,3
314B,3,0.3333333333,05:50,3
314BM,3,0.0952380952,07:00,3
314D,3,0.0952380952,06:50,3
314E,2,0.5,05:00,2
314F,2,0.5,06:35,2
314FA,2,0.25,05:55,2
314G,2,0.8947368421,08:05,3
314H,3,0.3333333333,06:10,3
314K,2,0.2058823529,06:20,2
314N,2,0.3529411765,07:20,2
314P,2,0.9166666667,07:00,3
314T,3,0.1818181818,06:40,3
314X,2,0.7272727273,05:30,3
315,4,0.25,04:00,4
315C,2,0.8125,06:10,3
315D,2,0.6086956522,06:35,3
315DN,2,0.7272727273,09:05,3
315E,3,0.125,08:30,3
315F,3,0.0434782609,06:50,3
315J,2,0.8125,08:50,3
315K,2,0.2,05:40,2
315L,2,0.8571428571,07:00,3
315P,2,0.2916666667,05:20,2
315T,2,0.2413793103,09:10,2
315U,2,0.5,08:15,2
315V,3,,05:00,3
316,2,0.1052631579,07:05,2
316A,2,0.25,06:30,2
316B,2,0.1794871795,05:30,2
316C,3,0.0357142857,06:55,3
316D,2,0.625,06:45,3
316E,2,0.5757575758,06:45,3
316F,2,0.6785714286,07:05,3
316G,2,0.4193548387,09:10,2
316J,2,0.5757575758,09:05,3
316K,2,0.25,06:05,2
316L,2,0.5925925926,10:15,3
316M,2,0.625,07:45,3
316N,2,0.3611111111,10:20,2
316Q,1,0.5853658537,10:10,2
316R,2,0.7272727273,05:05,3
316T,2,0.3076923077,06:00,2
316U,1,0.625,16:30,2
316V,2,0.6785714286,06:20,3
316Y,2,0.8571428571,05:30,3
317,3,0.064516129,05:20,3
317A,2,0.5757575758,06:00,3
317B,3,0.1034482759,06:00,3
317C,2,0.5,06:50,2
317D,2,0.5806451613,06:45,3
317E,2,0.7272727273,05:00,3
317G,3,0.0769230769,04:30,3
317J,2,0.8378378378,07:00,3
317K,2,0.5714285714,07:15,3
317M,2,0.4358974359,05:15,2
317MA,2,0.375,07:00,2
317N,2,0.8048780488,05:35,3
317Q,2,0.7272727273,06:50,3
317R,2,0.34375,08:05,2
317S,1,0.9230769231,06:35,2
317SA,2,0.625,07:15,3
317T,2,0.5,07:05,2
317TD,2,0.9166666667,09:30,3
317V,2,0.6923076923,05:00,3
317W,2,0.8571428571,09:45,3
317Y,2,0.625,06:05,3
317YA,2,0.7380952381,06:45,3
317YB,2,0.7906976744,05:15,3
317YD,2,0.5581395349,05:55,3
317YE,2,0.625,06:05,3
317Z,2,0.5,08:00,2
318,2,0.2222222222,06:15,2
318A,2,0.9032258065,06:45,3
318E,2,0.7272727273,07:35,3
319,2,0.3076923077,06:25,2
319C,2,0.5806451613,06:50,3
319F,2,0.5925925926,08:45,3
319G,2,0.5,08:20,2
319J,2,0.8846153846,08:55,3
31A,3,0.8461538462,08:10,4
31B,3,0.0769230769,07:40,3
31E,3,,06:30,3
320,2,0.3333333333,06:35,2
320A,2,0.2222222222,07:05,2
320B,2,0.0588235294,07:25,2
320C,2,0.6,05:30,3
320E,2,0.5925925926,09:20,3
320H,2,0.6785714286,09:00,3
320J,3,0.3333333333,08:15,3
321,2,0.2222222222,06:05,2
321A,2,,06:30,2
321C,2,0.7272727273,05:35,3
321D,2,0.5,05:30,2
321E,2,0.5806451613,08:30,3
321G,2,0.2972972973,05:35,2
322,2,0.3170731707,07:25,2
322A,2,0.3170731707,05:40,2
322C,2,0.4193548387,09:10,2
322D,2,0.5714285714,07:50,3
322E,1,0.5,09:40,1
322M,2,0.5,07:05,2
323,2,0.5,05:40,2
323A,2,0.5757575758,06:00,3
323B,3,0.0303030303,06:05,3
323C,1,0.9512195122,12:15,2
323D,2,0.7941176471,06:05,3
323E,2,0.7272727273,05:20,3
323F,2,0.5,06:40,2
323G,2,0.65625,06:35,3
323H,3,0.0357142857,07:10,3
323J,2,0.9032258065,07:05,3
323L,2,0.9310344828,07:00,3
323M,3,,06:15,3
323N,2,0.8125,06:25,3
324,2,0.5862068966,07:25,3
324A,2,0.8333333333,06:20,3
324B,2,0.3333333333,09:40,2
324C,2,0.4074074074,08:50,2
324D,2,0.5925925926,06:35,3
324E,2,0.4137931034,09:35,2
325,2,0.7586206897,06:35,3
325A,2,0.8333333333,09:05,3
326C,2,0.5,05:50,2
326E,2,0.0652173913,06:00,2
327,2,0.5862068966,07:10,3
327A,2,0.6470588235,07:10,3
327B,2,0.5806451613,08:40,3
327C,2,0.6666666667,05:55,3
327D,2,0.8571428571,06:00,3
327E,2,0.8333333333,07:25,3
327F,3,,07:35,3
327G,3,,07:50,3
327H,2,0.7941176471,09:45,3
327K,1,0.0810810811,09:20,1
328,3,0.0769230769,13:35,3
328B,3,0.8461538462,05:30,4
328C,1,0.875,07:05,2
328E,2,0.9310344828,07:00,3
328F,2,0.6666666667,09:10,3
328G,2,0.9310344828,09:30,3
328H,3,0.1428571429,04:50,3
328HA,2,0.125,07:30,2
328HB,2,0.5,08:10,2
328M,2,0.5862068966,09:35,3
329,2,0.4242424242,06:10,2
329A,2,0.34375,05:50,2
329B,2,0.3529411765,07:25,2
329C,2,0.8125,05:30,3
329E,2,0.3529411765,06:45,2
329F,2,0.7142857143,07:00,3
329G,2,0.3333333333,07:20,2
329H,2,0.5757575758,10:30,3
329J,2,0.6666666667,10:10,3
329L,2,0.9411764706,08:40,3
329M,2,0.5,08:55,2
33,2,0.25,09:45,2
330,5,0.3333333333,06:40,5
330B,2,0.7777777778,07:35,3
330C,8,0.3333333333,06:30,8
330D,2,0.8947368421,06:10,3
330E,3,0.2352941176,05:30,3
330G,3,0.6666666667,07:05,4
330H,2,0.9411764706,08:30,3
330M,2,0.8125,06:50,3
330P,3,0.4210526316,09:05,3
331,2,0.5925925926,07:30,3
331B,3,0.0434782609,05:50,3
331E,2,0.7586206897,06:40,3
332,2,0.8846153846,06:00,3
333,4,0.75,20:30,5
333B,3,0.0434782609,06:05,3
333C,2,0.9411764706,05:30,3
333D,2,0.8571428571,05:45,3
333E,2,0.5757575758,04:00,3
333F,2,0.75,05:30,3
333G,2,0.5,09:05,2
333J,3,0.3333333333,09:15,3
333K,2,0.4137931034,09:15,2
333L,3,0.7777777778,11:55,4
333N,2,0.6923076923,07:10,3
333Q,2,0.5,06:05,2
334B,3,0.4615384615,06:05,3
334E,2,0.5675675676,06:00,3
335,2,0.3333333333,07:20,2
335AA,2,0.7419354839,05:30,3
335B,3,0.125,06:45,3
335C,3,,06:45,3
335F,2,0.9411764706,06:30,3
335H,2,0.2,06:00,2
335HD,2,0.2916666667,08:50,2
335K,2,0.2222222222,06:00,2
336,3,0.0952380952,06:20,3
336A,3,,09:30,3
336B,2,0.619047619,08:15,3
337,3,0.25,06:25,3
338,2,0.380952381,06:20,2
339E,2,0.5,09:00,2
34,2,0.5,06:50,2
340,2,0.6086956522,06:05,3
340A,2,0.6086956522,05:50,3
340D,4,0.0384615385,05:15,4
340F,2,0.8571428571,07:20,3
340J,3,0.2,06:30,3
340K,2,0.7272727273,06:50,3
340L,3,0.064516129,06:55,3
340S,2,0.8571428571,07:45,3
341,3,0.8095238095,06:35,4
341A,2,0.25,05:50,2
341B,2,0.9166666667,05:30,3
341C,2,0.7083333333,07:00,3
341E,2,0.5,06:05,2
342,2,0.8846153846,06:50,3
342A,2,0.0833333333,06:45,2
342AA,2,0.6785714286,05:50,3
342B,2,0.2058823529,06:25,2
342C,2,0.2222222222,06:00,2
342D,2,0.7777777778,06:45,3
342E,2,0.4242424242,07:30,2
342F,2,0.9166666667,05:40,3
342G,2,0.5,06:55,2
342H,2,0.9166666667,06:45,3
342J,2,0.6785714286,06:20,3
342JB,3,0.1481481481,10:00,3
342K,2,0.5714285714,06:55,3
342L,2,0.7777777778,06:35,3
342M,3,0.2857142857,07:25,3
342MA,2,0.3913043478,08:15,2
342N,2,0.8571428571,06:55,3
342Q,2,0.9166666667,07:05,3
342R,2,0.2972972973,07:40,2
342T,2,0.7941176471,06:50,3
342U,2,0.3076923077,06:35,2
342V,2,0.1590909091,06:40,2
342VA,2,0.375,05:05,2
342W,2,0.5,07:15,2
342WA,2,0.7941176471,07:45,3
342X,2,0.2727272727,05:10,2
342Y,2,0.3255813953,07:15,2
342Z,2,0.8571428571,06:20,3
343,4,,05:50,4
343A,2,0.2058823529,06:50,2
343B,1,0.9230769231,07:30,2
343D,2,0.8947368421,06:45,3
343E,3,0.3333333333,07:05,3
343F,3,0.125,08:20,3
343H,2,0.5,07:05,2
343L,2,0.2,07:00,2
343M,2,0.8571428571,09:40,3
344A,3,,07:50,3
344B,2,0.34375,09:20,2
344C,2,0.6785714286,06:05,3
344D,3,0.7037037037,07:25,4
344E,2,0.2916666667,07:15,2
345,2,0.5757575758,06:00,3
345A,2,0.2857142857,10:00,2
345C,2,0.65625,10:15,3
345E,3,0.0303030303,09:40,3
346,2,0.7777777778,09:30,3
346A,3,0.0769230769,07:00,3
346B,2,0.7272727273,06:05,3
346C,2,0.6,06:05,3
346CA,3,0.75,08:50,4
346D,2,0.8260869565,07:05,3
346E,3,0.1818181818,06:05,3
346F,2,0.7272727273,05:50,3
346G,3,0.0952380952,09:40,3
346H,2,0.6,06:45,3
346J,2,0.619047619,05:30,3
346K,2,0.8571428571,10:00,3
346M,2,0.6923076923,09:10,3
346P,2,0.9166666667,09:25,3
346T,2,0.9545454545,08:15,3
346V,2,0.6,09:25,3
347,3,,09:45,3
347A,2,0.7272727273,09:00,3
347B,2,0.2727272727,08:20,2
347C,3,0.6111111111,08:55,4
347D,2,0.8947368421,06:00,3
347E,2,0.5,05:50,2
347F,2,0.8,05:50,3
347G,2,0.8571428571,06:05,3
347K,3,,06:55,3
347M,2,0.7272727273,05:20,3
348A,2,0.5,07:00,2
348B,3,0.125,07:10,3
348C,2,0.2,05:00,2
348F,2,0.0833333333,06:00,2
348G,2,0.2916666667,06:25,2
348H,2,0.5,09:35,2
348J,2,0.2727272727,09:10,2
348L,3,0.2352941176,09:00,3
349,2,0.4137931034,06:35,2
349A,2,0.7419354839,06:05,3
349B,2,0.5862068966,06:10,3
349C,2,0.5806451613,07:10,3
349D,2,0.4137931034,06:15,2
349E,2,0.6666666667,07:05,3
349F,3,0.0303030303,07:25,3
349J,2,0.8571428571,05:00,3
349K,3,0.4615384615,09:40,3
349M,2,0.4193548387,16:35,2
34A,1,0.9047619048,06:50,2
34B,3,0.1578947368,05:30,3
34C,1,0.9230769231,08:35,2
34F,1,0.8518518519,05:30,2
34S,2,0.3076923077,08:45,2
35,3,0.1818181818,05:45,3
350,2,0.4285714286,06:45,2
350A,2,0.5,07:55,2
350B,2,0.5714285714,06:05,3
350G,2,0.8571428571,06:20,3
350H,2,0.5,06:45,2
351,2,0.3529411765,06:45,2
351A,2,0.3611111111,06:20,2
351C,2,0.2727272727,09:25,2
351H,2,0.5,14:30,2
351J,2,0.5,06:05,2
352,2,0.2222222222,06:40,2
352A,2,0.3611111111,06:15,2
352E,2,0.1621621622,05:35,2
353,2,0.4242424242,10:05,2
353A,2,0.1621621622,06:25,2
353B,3,0.1578947368,15:05,3
353C,2,0.4418604651,08:00,2
353E,2,0.2857142857,07:05,2
354,2,0.4285714286,06:30,2
354A,3,,05:25,3
354B,2,0.8571428571,05:15,3
354C,2,0.2972972973,06:30,2
355A,2,0.3529411765,08:50,2
355D,2,0.625,08:45,3
355E,2,0.7027027027,06:35,3
355Q,2,0.619047619,09:55,3
356A,2,0.5,06:50,2
356B,2,0.5,04:50,2
356CB,2,0.7777777778,07:05,3
356CW,1,0.6666666667,07:30,2
356D,2,0.5,07:00,2
356E,2,0.2058823529,05:15,2
356F,2,0.5,06:45,2
356H,2,0.8571428571,08:10,3
356J,3,0.3333333333,05:50,3
356K,2,0.5,05:45,2
356M,2,0.6136363636,05:20,3
356Z,10,0.4545454545,04:00,10
356ZA,2,0.5,09:15,2
357,2,0.34375,08:45,2
357A,2,0.2222222222,06:05,2
358,2,0.8378378378,06:10,3
358A,2,0.6136363636,07:05,3
359A,2,0.5,09:35,2
36,3,0.0769230769,05:30,3
360C,2,0.8378378378,06:40,3
360D,2,0.7777777778,08:45,3
360E,2,0.5641025641,06:20,3
360H,2,0.75,08:10,3
360J,2,0.4418604651,08:05,2
360K,2,0.7631578947,05:10,3
360M,2,0.9166666667,15:30,3
360N,2,0.1951219512,06:35,2
360P,2,0.5,06:50,2
360Q,2,0.5,07:20,2
361,2,0.3611111111,05:30,2
361A,2,0.3611111111,06:30,2
361C,2,0.8048780488,05:20,3
361K,2,0.7941176471,06:35,3
362,3,0.1578947368,08:00,3
362C,2,0.7272727273,05:30,3
362F,3,0.75,07:30,4
362K,3,0.3870967742,08:05,3
362S,2,0.25,09:35,2
363A,55,,08:10,55
364,2,0.3913043478,05:45,2
364A,2,0.8571428571,06:30,3
364B,2,0.5,05:45,2
364C,3,0.6363636364,06:15,4
364D,1,0.7741935484,06:00,2
364F,2,0.6,05:10,3
364G,2,0.6086956522,05:55,3
365,2,0.2972972973,05:45,2
365B,2,0.7272727273,07:35,3
365C,2,,08:55,2
365D,2,0.65625,05:15,3
365E,2,0.2727272727,07:20,2
365F,1,0.8,06:00,2
365J,1,0.9512195122,20:05,2
365K,2,0.03125,09:10,2
365M,1,0.9491525424,09:25,2
365N,1,0.875,07:00,2
365P,2,0.0689655172,06:00,2
365Q,1,0.875,08:35,2
365R,2,0.5,09:15,2
365W,2,0.0652173913,06:00,2
366,2,0.7272727273,06:35,3
366A,2,0.5,05:45,2
366AB,2,0.5,07:05,2
366B,1,0.7441860465,06:20,2
366BA,2,0.0454545455,07:05,2
366C,2,0.5862068966,06:25,3
366D,2,0.0512820513,07:25,2
366F,1,0.875,07:05,2
366G,2,0.5,06:00,2
366H,1,0.9047619048,08:20,2
366KA,2,0.1739130435,10:00,2
366L,1,0.9736842105,06:20,2
366M,2,0.2580645161,06:15,2
366MA,2,0.1794871795,07:35,2
366N,1,0.8181818182,07:40,2
366P,1,0.9402985075,07:45,2
366Q,1,0.8181818182,06:30,2
366QA,0,0.5555555556,09:20,1
366R,2,0.1428571429,06:50,2
366T,2,,07:35,2
366V,2,0.0454545455,07:05,2
366W,2,0.1951219512,07:45,2
366X,1,0.3461538462,06:45,1
366Z,2,0.6470588235,05:40,3
367,2,0.5862068966,06:40,3
367C,2,0.2222222222,06:05,2
367CA,2,0.5925925926,07:05,3
367D,2,0.3076923077,07:05,2
367F,2,0.2580645161,07:15,2
368,2,0.4193548387,06:55,2
368D,2,0.2727272727,08:00,2
368F,2,0.7272727273,06:55,3
369,2,0.0454545455,06:20,2
369B,2,0.25,06:05,2
369C,2,0.3913043478,05:30,2
369D,2,0.619047619,06:00,3
369E,2,0.2727272727,06:05,2
369F,2,0.5925925926,06:00,3
369G,2,0.5,10:25,2
369H,2,0.5,13:15,2
369J,2,0.5862068966,06:55,3
369M,1,0.7741935484,09:15,2
369N,2,0.2916666667,06:35,2
369P,3,0.75,11:30,4
369Q,2,0.5,09:50,2
36A,3,0.3333333333,05:30,3
36B,2,0.3684210526,05:30,2
36D,2,0.8125,06:00,3
36F,2,0.5,05:45,2
36G,3,0.6842105263,05:00,4
37,2,0.2222222222,06:15,2
370,2,0.1794871795,06:35,2
370A,2,0.619047619,07:40,3
370B,2,0.3684210526,09:05,2
371A,2,0.4358974359,06:55,2
371D,2,0.0930232558,05:30,2
372,2,0.2115384615,07:45,2
372A,2,0.0588235294,07:05,2
372B,2,,06:25,2
372C,2,0.027027027,07:00,2
372E,1,0.9811320755,06:35,2
372F,2,0.0731707317,06:10,2
372G,2,,07:35,2
372H,2,0.1875,08:15,2
372J,1,0.9565217391,06:35,2
372M,2,0.0754716981,15:45,2
373M,2,0.4489795918,05:00,2
374,2,0.5,07:10,2
374C,2,0.8846153846,10:40,3
374F,1,0.8918918919,15:25,2
374K,1,0.875,07:30,2
374M,2,0.8378378378,05:40,3
374MA,2,0.4324324324,06:50,2
374N,40,,06:45,40
375,2,0.0689655172,06:00,2
375B,2,0.0238095238,07:55,2
375D,3,0.3333333333,08:20,3
375J,2,0.6388888889,08:15,3
377,2,0.9411764706,06:00,3
377A,3,0.1578947368,08:00,3
377B,2,0.380952381,08:20,2
378,2,0.6315789474,05:15,3
378A,2,0.2727272727,09:50,2
378D,2,0.3684210526,07:45,2
378F,2,0.1739130435,07:15,2
378G,90,,05:35,90
378H,65,,07:40,65
378M,2,0.3529411765,08:40,2
37A,2,,07:45,2
37B,2,0.2727272727,06:45,2
37D,2,0.5,06:50,2
37E,2,0.1428571429,05:45,2
37F,2,0.0454545455,06:45,2
380,2,0.8125,06:20,3
380B,2,0.9166666667,08:05,3
380C,3,0.0303030303,05:35,3
380E,3,0.0303030303,07:30,3
380F,2,0.6470588235,09:35,3
380G,2,0.65625,10:30,3
380H,3,0.0303030303,07:10,3
380M,1,0.7948717949,06:20,2
380N,3,0.2432432432,07:05,3
381,2,0.5641025641,06:35,3
381C,8,,05:55,8
381D,2,0.6923076923,05:50,3
381E,2,0.5,05:15,2
381F,2,0.5641025641,08:00,3
381G,2,0.6315789474,07:35,3
381H,3,0.1428571429,07:40,3
381J,2,0.8947368421,06:50,3
381K,3,0.4285714286,08:05,3
382,2,0.5,06:35,2
382A,3,0.4523809524,05:15,3
382B,2,0.4358974359,06:00,2
382C,2,0.5609756098,07:10,3
382D,2,0.5609756098,06:30,3
382M,2,0.8260869565,07:15,3
383,2,0.7631578947,06:35,3
383A,2,0.5675675676,11:50,3
383B,2,0.625,06:05,3
383C,2,0.4418604651,07:00,2
383D,2,0.8048780488,09:25,3
390,2,0.9166666667,08:00,3
398B,3,0.6956521739,08:55,4
398H,2,0.3529411765,13:05,2
399,3,0.0555555556,07:05,3
399A,3,0.5714285714,05:20,4
399C,4,0.5,06:15,4
399D,3,0.2142857143,09:20,3
399E,3,0.5483870968,10:45,4
399F,3,0.4523809524,07:20,3
3F-1,2,0.2,06:00,2
3F-2,5,,06:00,5
3F-3,3,0.2352941176,06:30,3
3F-4,5,,06:30,5
3F-5,2,0.5,06:00,2
3F-6,2,0.75,06:00,3
3F-7,4,,06:45,4
400,4,0.0909090909,06:45,4
400A,3,0.3333333333,09:55,3
401,3,0.75,05:55,4
401A,2,0.5,06:00,2
401AB,1,0.935483871,09:05,2
401AC,1,0.862745098,08:10,2
401AE,1,0.9047619048,07:50,2
401AG,2,0.2093023256,09:45,2
401B,2,0.5555555556,05:00,3
401BA,1,0.0344827586,05:00,1
401BC,1,0.7857142857,05:40,2
401BR,2,0.4074074074,05:15,2
401E,3,0.125,07:40,3
401G,1,0.9047619048,06:45,2
401H,1,0.8888888889,07:50,2
401J,2,0.4418604651,17:20,2
401JA,2,0.2972972973,06:45,2
401JC,2,0.125,07:30,2
401K,1,0.7910447761,04:50,2
401KA,1,0.8253968254,06:00,2
401KB,1,0.6666666667,05:30,2
401KC,1,0.5909090909,06:40,2
401M,1,0.9444444444,04:45,2
401MA,1,0.75,08:45,2
401MC,2,,05:35,2
401MD,1,0.875,05:30,2
401MK,15,0.7142857143,06:00,16
401N,2,0.4444444444,05:30,2
401Q,2,,06:00,2
401R,2,0.0689655172,05:45,2
401RA,1,0.9672131148,05:00,2
401RB,1,0.875,08:15,2
401RC,2,0.1621621622,07:15,2
401RD,2,0.8571428571,07:15,3
401RE,2,0.0689655172,05:30,2
401T,2,0.0535714286,07:25,2
401W,2,0.3913043478,07:20,2
401X,2,0.4,07:50,2
401Y,2,0.1794871795,06:25,2
401Z,2,0.3863636364,07:05,2
402,2,0.3214285714,06:50,2
402A,2,0.1428571429,07:30,2
402B,2,0.5,00:05,2
402C,2,0.2916666667,06:20,2
402D,2,0.2,04:20,2
402M,2,0.3863636364,06:55,2
402N,2,0.0833333333,06:15,2
403A,2,,08:00,2
403B,2,0.1739130435,07:15,2
404,2,,06:25,2
404C,1,0.935483871,07:25,2
404E,2,,08:35,2
404J,2,,05:40,2
406,3,0.1632653061,05:30,3
407,2,0.3170731707,06:00,2
407B,2,0.6229508197,06:00,3
407C,2,0.6229508197,06:00,3
407D,0,0.8333333333,08:45,1
408,2,0.65625,07:40,3
409A,2,0.4657534247,08:50,2
410,2,0.3529411765,04:30,2
410A,2,0.6086956522,06:35,3
410C,2,0.5,06:30,2
410D,2,0.5531914894,06:30,3
410E,1,0.5853658537,07:05,2
410F,1,0.9117647059,05:30,2
410G,2,0.5,07:15,2
410M,2,0.2058823529,07:05,2
411,70,,06:50,70
411B,1,0.8103448276,07:40,2
411G,2,0.5925925926,08:45,3
411J,2,0.1739130435,08:40,2
412,2,0.0212765957,05:35,2
412A,1,0.875,08:10,2
414,3,0.1428571429,05:45,3
415,2,0.5,05:30,2
415A,2,0.8125,06:55,3
415B,2,0.25,06:20,2
415C,2,0.5,08:10,2
415D,2,0.7777777778,06:05,3
415E,2,0.619047619,06:15,3
415F,1,0.9565217391,06:35,2
415G,2,0.3684210526,07:20,2
415H,4,0.4117647059,08:45,4
415J,2,0.3529411765,05:25,2
43,2,0.8125,06:40,3
43A,2,0.5,06:20,2
43B,3,,05:15,3
43C,2,0.2916666667,07:10,2
43D,2,0.380952381,06:40,2
43E,2,0.3684210526,06:05,2
43G,2,0.3333333333,06:10,2
43H,2,0.6086956522,07:55,3
43J,1,0.7307692308,05:50,2
43M,2,0.3076923077,08:00,2
44,2,0.2580645161,07:20,2
45,2,0.1052631579,06:40,2
45B,2,0.5,05:55,2
45D,2,0.7272727273,04:50,3
45E,2,0.1739130435,05:35,2
45F,2,0.2727272727,06:00,2
45J,2,0.8260869565,06:25,3
45K,2,0.2727272727,09:20,2
47,2,0.7419354839,07:45,3
49,3,,06:45,3
49A,2,0.1875,08:15,2
50,3,0.75,06:25,4
500,1,0.9266055046,05:30,2
500A,2,0.3333333333,05:00,2
500AA,3,0.3333333333,05:45,3
500AB,2,0.3333333333,05:50,2
500B,1,0.8604651163,16:30,2
500BA,5,0.3333333333,05:50,5
500C,2,0.34375,07:05,2
500CA,2,0.125,05:35,2
500D,2,0.7777777778,05:35,3
500DA,1,0.4754098361,08:15,1
500DC,2,0.4038461538,05:30,2
500F,3,0.2142857143,06:50,3
500G,2,0.375,05:05,2
500H,2,0.3958333333,07:00,2
500L,3,0.59375,06:00,4
500Q,2,0.8571428571,06:10,3
500QK,2,0.7272727273,05:00,3
500R,2,0.8571428571,06:20,3
500T,2,0.619047619,06:00,3
500TA,2,0.5,09:45,2
501,1,0.9266055046,05:50,2
501A,1,0.8461538462,05:00,2
501B,1,0.9090909091,05:10,2
501C,2,0.0512820513,05:00,2
501F,2,0.0689655172,06:35,2
501GA,75,,05:45,75
501KS,2,0.3333333333,05:30,2
501L,2,0.3529411765,04:30,2
501N,2,0.25,05:25,2
502,1,0.9014084507,06:00,2
502A,2,0.0491803279,06:00,2
502B,2,0.3333333333,09:00,2
502D,1,0.8518518519,07:05,2
502E,2,0.3684210526,04:30,2
502F,1,0.6216216216,05:30,2
502H,1,0.7391304348,05:15,2
502HA,1,0.7391304348,07:40,2
502HB,1,0.5957446809,08:10,2
502HC,1,0.8421052632,06:10,2
502J,2,0.1428571429,05:20,2
502K,90,,05:15,90
502M,1,0.875,08:35,2
502V,1,0.8085106383,06:25,2
503,2,0.2222222222,06:00,2
504B,2,0.8571428571,08:00,3
504C,2,0.4137931034,08:00,2
504D,5,0.7692307692,07:35,6
504E,2,0.25,06:45,2
505E,2,0.3333333333,06:00,2
506,1,0.9230769231,05:50,2
506A,2,0.5,07:35,2
507,1,0.7708333333,06:10,2
507A,85,,05:45,85
507B,6,0.3333333333,05:45,6
50A,3,0.4615384615,09:35,3
510A,95,,06:30,95
52,3,0.3333333333,06:55,3
52E,3,0.1578947368,06:45,3
54E,1,0.875,08:10,2
55B,3,0.3333333333,07:15,3
56,3,0.8888888889,07:00,4
58,4,0.5,07:35,4
59A,3,0.5714285714,11:45,4
59B,2,0.7272727273,07:00,3
59D,2,0.5,06:25,2
59F,2,0.1875,11:45,2
600,2,0.0063694268,05:20,2
600A,2,0.3684210526,09:55,2
600C,3,0.4615384615,06:00,3
600CA,2,0.4285714286,05:45,2
600CF,5,0.5,05:30,5
600D,,,,
600F,,,,
600FA,,,,
600FB,,,,
600FC,,,,
600G,,,,
600KA,,,,
600KB,,,,
600KD,,,,
600QA,,,,
601,,,,
60A,2,0.7272727273,05:30,
60B,1,0.3888888889,09:50,
60C,3,0.5294117647,09:40,
60E,2,0.2222222222,06:35,
60F,2,0.03125,07:30,
60J,2,0.2222222222,12:25,
60L,2,0.5862068966,06:30,
61,5,0.4545454545,08:50,
61A,6,0.4285714286,00:25,
61B,2,0.9166666667,15:05,
61C,2,0.6923076923,07:10,
61E,4,0.5,04:20,
61F,2,0.6923076923,06:40,
61G,2,0.1875,06:50,
61J,2,0.2222222222,06:45,
61M,2,0.3529411765,05:45,
63,2,0.3076923077,09:15,
63B,1,0.8965517241,07:20,
63E,2,0.5862068966,06:50,
65B,3,0.5714285714,06:40,
68,2,0.2727272727,06:45,
74,4,0.75,07:35,
75B,2,0.380952381,06:50,
75C,1,0.6,12:55,
75D,2,0.2727272727,06:40,
75E,3,0.5714285714,06:40,
75H,2,0.380952381,07:20,
77,2,0.2727272727,08:00,
77B,2,0.1153846154,05:40,
77C,1,0.8965517241,06:40,
77D,2,0.0689655172,08:05,
77E,2,0.7083333333,05:45,
77F,1,0.9642857143,05:40,
78,6,,06:35,
78A,2,0.0833333333,10:45,
79A,1,0.5,16:35,
79B,2,0.2727272727,06:55,
79D,2,0.380952381,06:50,
79E,2,0.3913043478,06:10,
79F,1,0.8518518519,07:45,
79G,2,0.1428571429,06:45,
79H,2,0.1428571429,14:20,
79J,1,0.7647058824,08:10,
79K,2,0.7777777778,06:45,
7D,1,0.875,06:40,
7E,1,0.2903225806,09:00,
7F,1,0.6216216216,08:40,
80,2,0.6923076923,06:35,
80A,5,,05:25,
80B,2,0.3529411765,05:45,
80C,2,0.6315789474,07:45,
80D,2,0.2222222222,07:45,
80E,3,0.3333333333,07:35,
80F,2,0.3684210526,06:35,
80G,2,0.25,06:25,
80H,2,0.6666666667,06:00,
80K,2,0.2222222222,07:30,
80L,2,0.2222222222,07:30,
80R,2,0.3529411765,05:15,
82,2,0.8571428571,06:50,
82A,2,0.75,06:40,
82AR,7,,05:40,
82B,2,0.7272727273,07:50,
82C,4,0.2307692308,21:05,
83,3,0.3333333333,08:30,
83C,3,,07:00,
83D,4,0.4444444444,06:55,
84,1,0.25,09:05,
86,3,,05:50,
86E,4,,07:45,
87,2,0.6923076923,05:45,
87A,2,0.6923076923,06:10,
87B,1,0.8421052632,06:45,
87C,2,0.3076923077,06:25,
87S,3,0.5294117647,06:45,
88,3,0.3333333333,05:00,
88A,3,0.3333333333,05:30,
88E,2,0.6666666667,07:40,
89,3,0.0769230769,06:35,
89A,2,0.7272727273,05:15,
89B,2,0.3076923077,06:50,
89C,3,0.5,06:45,
89D,3,0.1818181818,07:00,
89E,2,0.5,06:00,
89F,2,0.9166666667,06:35,
89H,2,0.2727272727,08:30,
90E,4,,05:50,
92E,3,,06:55,
94C,2,0.619047619,06:45,
94D,2,0.3333333333,06:50,
94E,7,0.9166666667,05:30,
95,2,0.5,05:50,
95A,2,0.75,06:30,
95B,2,0.1428571429,06:45,
95G,2,0.1428571429,06:35,
96,3,,04:30,
96A,3,,05:40,
96AS,2,0.75,06:50,
96B,3,,06:35,
96C,2,0.8571428571,11:25,
96E,4,0.2307692308,06:35,
96G,2,0.6666666667,05:10,
96H,2,,07:00,
98C,3,0.4615384615,07:20,
98E,3,0.3333333333,06:35,
99A,2,0.8571428571,06:55,
99B,3,0.8461538462,07:25,
AS-15,2,0.1153846154,08:00,
BC-6,1,0.7391304348,07:00,
BC-7,1,0.5909090909,08:00,
BC-7B,3,0.1818181818,07:30,
BC-7E,7,,06:45,
BC-8,1,0.8421052632,07:00,
BC-8A,1,0.8421052632,08:00,
BC-9,4,0.5833333333,07:40,
BC-9B,3,0.1481481481,06:15,
BC-9D,3,0.2352941176,06:45,
CCC-1,3,0.6666666667,09:05,
CHAKRA-2,1,0.9565217391,08:25,
D-6,2,,05:25,
FDR-1,2,0.2222222222,05:30,
FDR-11,3,0.125,08:20,
FDR-11A,3,0.4375,07:55,
FDR-2,1,0.7567567568,06:15,
FDR-5,2,0.1875,08:15,
FDR-6,2,0.380952381,08:00,
FDR-7,2,0.125,07:05,
G-1,3,0.5185185185,07:35,
G-10,2,0.9545454545,06:15,
G-11,2,0.6923076923,05:30,
G-12,2,0.7419354839,05:00,
G-2,2,0.5757575758,07:00,
G-4,2,0.6666666667,06:00,
G-6,2,0.8846153846,06:00,
G-7,2,0.6086956522,06:00,
G-8,2,0.125,06:45,
G-9,2,0.5,05:50,
HS-4,5,,08:50,
JPV-10,4,0.6153846154,07:45,
K-1,3,0.9393939394,05:00,
K-4,2,0.5641025641,05:30,
K-5,1,0.8867924528,05:45,
K-6,2,0.1276595745,05:55,
KHC-1,5,,09:40,
MBS-11,1,0.7021276596,07:55,
MBS-12,2,0.3529411765,09:15,
MBS-14,1,0.6666666667,07:35,
MBS-17,3,0.1818181818,10:00,
MBS-21,3,0.0612244898,07:45,
MBS-24,2,0.0161290323,10:45,
MBS-5,2,0.1875,06:00,
MBS-6,2,0.7631578947,06:20,
MBS-8,2,0.3170731707,05:45,
MBS-9,2,0.1794871795,05:30,
MF-1,4,0.5833333333,06:05,
MF-10,3,0.125,05:30,
MF-4,3,0.8461538462,05:30,
MF-5,2,0.9411764706,06:05,
MF-6,1,0.8965517241,06:00,
MF-7,1,0.8965517241,06:15,
MF-9,2,0.3529411765,07:00,
MP-10,2,0.6923076923,07:00,
MP-342F,3,0.0882352941,05:30,
MP-45F,2,0.7272727273,07:00,
MP-501A,2,0.1698113208,07:45,
MP-60A,2,0.7272727273,07:00,
MP-96,2,0.75,05:00,
NLMF-1,2,0.0588235294,09:20,
PK-89A,30,,08:00,
TR-10,3,0.0882352941,07:30,
TR-12,2,0.2580645161,05:45,
TR-4,4,0.0909090909,05:30,
TR-4A,4,0.0909090909,07:25,
TR-6,2,0.7083333333,05:40,
TR-7,2,0.2413793103,07:55,
TR-8,2,0.1153846154,05:40,
V-201R,2,0.2826086957,05:00,
WFS-1,2,0.2916666667,09:25,
