route_no,BusStopCount,Route_length,Trips,Time,min
1,30,19.6 KM,12,01:25 Min.,85
100E,27,21.3 KM,3,01:25 Min.,85
104,8,5.9 KM,23,00:25 Min.,25
108,22,17.5 KM,8,00:45 Min.,45
10A,18,12.3 KM,3,00:40 Min.,40
111,23,19.7 KM,35,00:50 Min.,50
111A,20,10.8 KM,7,00:25 Min.,25
111C,21,11.7 KM,35,00:50 Min.,50
111E,27,16.6 KM,6,01:05 Min.,65
112,17,9.8 KM,45,00:40 Min.,40
112A,13,7.4 KM,12,00:30 Min.,30
113,10,9.8 KM,12,00:25 Min.,25
114,22,12.2 KM,31,00:45 Min.,45
114A,15,8.8 KM,8,00:35 Min.,35
114B,19,11.9 KM,16,00:45 Min.,45
114C,18,11.8 KM,48,00:40 Min.,40
114D,16,9.4 KM,17,00:40 Min.,40
114G,23,12.8 KM,10,00:45 Min.,45
119,8,4.9 KM,24,00:30 Min.,30
12,13,10.4 KM,30,00:30 Min.,30
120,16,12.8 KM,5,00:55 Min.,55
121A,13,10.9 KM,5,00:40 Min.,40
125E,8,4.9 KM,9,00:25 Min.,25
126,13,11.8 KM,4,00:50 Min.,50
126A,16,10.8 KM,11,00:40 Min.,40
127,10,6.5 KM,29,00:30 Min.,30
129,6,5.7 KM,12,00:20 Min.,20
129C,3,3.15 KM,5,01:15 Min.,75
12B,18,14 KM,37,00:50 Min.,50
12D,17,11.6 KM,5,00:50 Min.,50
12E,14,10.4 KM,8,02:00 Min.,120
13,21,11.7 KM,15,00:45 Min.,45
132,15,8.48 KM,12,00:35 Min.,35
133E,24,17.6 KM,2,00:40 Min.,40
138,17,13.1 KM,40,01:30 Min.,90
138A,17,14.5 KM,6,01:30 Min.,90
139,13,8.8 KM,38,00:35 Min.,35
139A,28,19.6 KM,1,01:00 Min.,60
13A,28,13.9 KM,10,01:00 Min.,60
13B,28,15.8 KM,16,01:10 Min.,70
13C,28,14.5 KM,17,01:00 Min.,60
13D,26,13 KM,5,00:50 Min.,50
13E,32,16.9 KM,7,01:05 Min.,65
13F,29,16.5 KM,5,01:00 Min.,60
13G,27,14.3 KM,7,00:45 Min.,45
13H,33,20.5 KM,11,01:10 Min.,70
13K,27,16.6 KM,6,00:15 Min.,15
13S,42,23.1 KM,3,01:20 Min.,80
140,12,7.1 KM,13,00:30 Min.,30
140A,17,9.4 KM,11,00:35 Min.,35
140B,15,8.5 KM,5,00:25 Min.,25
140E,16,8.5 KM,18,00:35 Min.,35
141,9,9.2 KM,25,00:25 Min.,25
141A,12,9.2 KM,8,00:30 Min.,30
141E,15,9.6 KM,30,00:35 Min.,35
143,10,7 KM,54,00:40 Min.,40
143A,14,10.2 KM,16,00:45 Min.,45
143E,10,7.8 KM,12,00:35 Min.,35
144,7,5.4 KM,40,00:25 Min.,25
144A,8,6.3 KM,7,00:30 Min.,30
144E,8,8 KM,45,00:30 Min.,30
144G,20,14.2 KM,11,00:55 Min.,55
144K,22,15.6 KM,12,01:00 Min.,60
145,12,9.1 KM,20,00:35 Min.,35
146,14,11.6 KM,17,00:40 Min.,40
146B,19,12.4 KM,16,00:45 Min.,45
146E,18,11.2 KM,7,00:40 Min.,40
14B,27,20.9 KM,3,01:25 Min.,85
152,18,12.3 KM,7,00:40 Min.,40
154,13,9.5 KM,10,00:55 Min.,55
155,13,8.5 KM,9,00:35 Min.,35
155A,14,9.7 KM,8,00:25 Min.,25
15A,16,8.3 KM,43,01:30 Min.,90
15C,19,13.6 KM,14,00:45 Min.,45
15E,19,15.2 KM,40,01:10 Min.,70
15F,22,11.9 KM,18,00:40 Min.,40
15G,19,15.2 KM,25,00:50 Min.,50
15H,18,13.1 KM,7,00:50 Min.,50
15K,21,13.6 KM,5,00:40 Min.,40
15L,18,13.7 KM,5,00:45 Min.,45
161B,19,10.9 KM,8,00:40 Min.,40
161C,17,12.5 KM,6,00:50 Min.,50
161D,18,12.6 KM,11,00:55 Min.,55
163A,22,11.6 KM,1,00:40 Min.,40
164,25,14.8 KM,26,01:00 Min.,60
165E,12,10.2 KM,7,00:35 Min.,35
166,25,12.5 KM,8,00:40 Min.,40
168A,17,10.6 KM,18,00:40 Min.,40
168E,16,14.9 KM,15,00:45 Min.,45
169,25,15 KM,5,01:00 Min.,60
171,22,16.9 KM,27,01:00 Min.,60
171E,34,21.6 KM,7,01:15 Min.,75
171F,21,13.5 KM,8,00:50 Min.,50
171G,21,14.9 KM,16,00:50 Min.,50
171H,20,14.5 KM,8,00:50 Min.,50
171J,22,16.9 KM,12,01:00 Min.,60
173A,40,23.7 KM,2,00:40 Min.,40
174,38,20.4 KM,3,01:15 Min.,75
176,30,17.8 KM,83,01:25 Min.,85
176A,32,18.8 KM,6,01:05 Min.,65
176C,32,18.5 KM,20,01:10 Min.,70
176CA,33,19.1 KM,7,01:05 Min.,65
176D,27,17.2 KM,5,01:00 Min.,60
176E,31,19.2 KM,5,01:10 Min.,70
177,28,17.8 KM,4,01:10 Min.,70
18,16,13.5 KM,30,00:45 Min.,45
180,25,16.2 KM,29,01:10 Min.,70
181,32,19.4 KM,9,01:20 Min.,80
182,30,15.8 KM,4,01:00 Min.,60
184,43,21 KM,4,01:20 Min.,80
189,33,20.7 KM,6,01:20 Min.,80
190,27,25.2 KM,5,00:55 Min.,55
195,20,14.6 KM,20,01:20 Min.,80
195A,23,15.9 KM,13,01:00 Min.,60
196,16,13.4 KM,1,00:50 Min.,50
197,28,18 KM,4,01:00 Min.,60
1E,32,20.8 KM,4,01:45 Min.,105
1F,23,11.5 KM,6,00:50 Min.,50
2,17,14.5 KM,40,00:45 Min.,45
201,54,29.6 KM,68,02:10 Min.,130
201A,53,28.7 KM,3,01:35 Min.,95
201C,12,6.1 KM,4,00:30 Min.,30
201H,31,15.9 KM,6,01:05 Min.,65
201J,38,20.9 KM,31,01:20 Min.,80
201K,45,23.9 KM,5,01:10 Min.,70
201L,52,29.1 KM,2,02:00 Min.,120
201M,49,30 KM,22,01:45 Min.,105
201MA,18,12 KM,6,00:50 Min.,50
201MD,18,14.4 KM,18,01:10 Min.,70
201MJ,27,16.88 KM,8,01:10 Min.,70
201N,54,29.1 KM,5,03:25 Min.,205
201Q,20,13.5 KM,6,00:45 Min.,45
201S,35,22.5 KM,4,01:35 Min.,95
201U,41,22.1 KM,12,01:25 Min.,85
203,2,22.3 KM,5,01:15 Min.,75
21,9,9 KM,9,00:35 Min.,35
210,25,13.2 KM,21,00:45 Min.,45
210A,22,14.4 KM,15,00:50 Min.,50
210B,18,11.6 KM,7,01:00 Min.,60
210C,21,14.7 KM,8,00:50 Min.,50
210CA,25,17 KM,5,00:55 Min.,55
210CD,8,8.5 KM,9,00:30 Min.,30
210D,24,16.6 KM,8,00:45 Min.,45
210E,29,16.5 KM,32,01:00 Min.,60
210EA,33,21 KM,4,01:05 Min.,65
210F,30,18.5 KM,3,01:00 Min.,60
210FA,33,21.33 KM,6,01:00 Min.,60
210G,30,20 KM,17,01:10 Min.,70
210GA,26,18.4 KM,6,01:00 Min.,60
210H,25,20 KM,5,01:15 Min.,75
210I,24,15 KM,5,00:50 Min.,50
210J,25,15 KM,11,00:55 Min.,55
210KA,24,15.5 KM,5,00:55 Min.,55
210N,25,15.8 KM,19,01:00 Min.,60
210NA,27,19 KM,8,01:00 Min.,60
210NB,29,18.3 KM,4,01:00 Min.,60
210NC,33,21 KM,5,01:15 Min.,75
210P,23,15.7 KM,32,00:55 Min.,55
210Q,26,18 KM,14,01:05 Min.,65
210R,24,16.2 KM,31,01:00 Min.,60
210T,19,12.7 KM,16,00:55 Min.,55
210U,22,14.1 KM,22,00:50 Min.,50
210V,19,12.7 KM,11,00:50 Min.,50
210W,29,18.9 KM,6,01:00 Min.,60
210X,24,15.1 KM,7,00:50 Min.,50
210Z,24,14.5 KM,19,00:50 Min.,50
210ZA,24,16.7 KM,3,01:10 Min.,70
211,37,30.01 KM,16,01:15 Min.,75
211A,23,16 KM,6,01:15 Min.,75
211B,42,31.7 KM,3,01:00 Min.,60
211C,36,22.9 KM,6,01:05 Min.,65
211DA,40,29.3 KM,3,01:20 Min.,80
211E,39,29.7 KM,4,01:15 Min.,75
211F,37,31 KM,4,01:25 Min.,85
211G,41,31.2 KM,4,01:15 Min.,75
211H,41,31.8 KM,7,01:20 Min.,80
211J,39,27.3 KM,2,01:20 Min.,80
211K,38,27.5 KM,3,01:20 Min.,80
211L,25,18.1 KM,5,01:25 Min.,85
211M,51,44.5 KM,2,01:50 Min.,110
211N,49,42 KM,6,01:45 Min.,105
211P,38,26.8 KM,5,01:20 Min.,80
211Q,42,31.7 KM,4,01:25 Min.,85
211R,44,36.4 KM,4,01:35 Min.,95
211RA,2,40.8 KM,2,01:45 Min.,105
211T,31,23.28 KM,5,01:05 Min.,65
212,28,21.5 KM,15,01:00 Min.,60
212B,38,37.8 KM,3,01:40 Min.,100
212C,27,19.5 KM,6,01:05 Min.,65
212D,32,25.6 KM,3,00:45 Min.,45
212M,33,28.3 KM,6,01:20 Min.,80
213,42,33.4 KM,6,01:25 Min.,85
213A,40,28.7 KM,3,01:15 Min.,75
213B,43,34.4 KM,6,01:15 Min.,75
213C,34,25.1 KM,5,01:05 Min.,65
213D,51,44.1 KM,3,01:45 Min.,105
213DA,49,42 KM,3,01:40 Min.,100
213DB,53,48.3 KM,2,02:00 Min.,120
213DC,51,45.4 KM,3,01:50 Min.,110
213E,43,32.3 KM,3,01:20 Min.,80
213F,46,34.1 KM,4,01:30 Min.,90
213FA,46,34 KM,4,01:30 Min.,90
213G,45,34.1 KM,4,01:30 Min.,90
213H,46,34.4 KM,5,01:30 Min.,90
213J,45,33.8 KM,3,01:25 Min.,85
213K,43,33.4 KM,5,01:25 Min.,85
213L,39,28.7 KM,5,01:20 Min.,80
213M,47,37 KM,4,01:35 Min.,95
213N,45,32.7 KM,3,01:30 Min.,90
213P,49,38.5 KM,7,01:40 Min.,100
213Q,46,35.6 KM,1,01:30 Min.,90
213QA,46,36.5 KM,6,01:35 Min.,95
213T,41,29.7 KM,3,01:15 Min.,75
213V,48,38.9 KM,8,01:40 Min.,100
213Z,53,42.9 KM,3,01:55 Min.,115
214,36,32.3 KM,7,01:30 Min.,90
214A,42,34 KM,3,01:25 Min.,85
214B,39,33 KM,4,01:30 Min.,90
214C,43,35 KM,3,01:35 Min.,95
214D,36,28 KM,9,01:20 Min.,80
214E,39,32.3 KM,7,01:25 Min.,85
214G,45,36.3 KM,7,01:45 Min.,105
214H,40,35.2 KM,8,01:30 Min.,90
214J,36,26.5 KM,4,01:15 Min.,75
214K,26,22.5 KM,1,01:20 Min.,80
214L,47,39.3 KM,3,01:45 Min.,105
215,24,17.9 KM,28,01:00 Min.,60
215A,22,12.9 KM,30,00:45 Min.,45
215AB,12,12.9 KM,11,00:30 Min.,30
215B,23,17.9 KM,43,00:45 Min.,45
215BA,24,15.5 KM,7,00:55 Min.,55
215BB,14,7.8 KM,10,00:30 Min.,30
215C,23,14.8 KM,27,01:15 Min.,75
215CA,16,8.5 KM,26,01:00 Min.,60
215CB,14,8 KM,9,00:30 Min.,30
215CD,18,12.6 KM,15,00:45 Min.,45
215D,22,15.8 KM,6,00:50 Min.,50
215E,22,15.8 KM,14,00:50 Min.,50
215H,27,17.2 KM,34,01:05 Min.,65
215HA,31,21.2 KM,10,01:10 Min.,70
215HB,9,24.4 KM,7,01:25 Min.,85
215J,23,16.1 KM,9,00:55 Min.,55
215K,23,14.5 KM,32,00:55 Min.,55
215M,21,15.5 KM,24,00:55 Min.,55
215MA,11,8 KM,9,00:30 Min.,30
215N,28,21.2 KM,17,01:15 Min.,75
215NA,31,22.5 KM,4,01:10 Min.,70
215NB,28,17.9 KM,4,01:00 Min.,60
215P,24,15.2 KM,8,00:40 Min.,40
215R,22,17 KM,6,00:55 Min.,55
215T,25,15.6 KM,3,01:00 Min.,60
215U,27,20 KM,2,00:45 Min.,45
215W,30,21.2 KM,5,01:20 Min.,80
215X,23,13.8 KM,7,00:50 Min.,50
215Y,31,21.2 KM,4,01:15 Min.,75
215Z,38,29.2 KM,3,01:35 Min.,95
215ZA,52,43.84 KM,3,02:00 Min.,120
216,37,28.6 KM,4,01:30 Min.,90
216B,35,27 KM,5,01:15 Min.,75
217,25,19 KM,7,01:50 Min.,110
217B,29,36.5 KM,5,01:10 Min.,70
217C,29,23 KM,3,01:15 Min.,75
217D,2,18.5 KM,4,01:00 Min.,60
218,26,18.8 KM,6,01:05 Min.,65
218A,28,22.5 KM,4,01:00 Min.,60
218B,33,23.9 KM,3,01:15 Min.,75
219A,56,47.6 KM,5,02:05 Min.,125
22,13,11.4 KM,2,00:35 Min.,35
220A,14,12.5 KM,6,00:50 Min.,50
220D,19,15.7 KM,15,01:20 Min.,80
220E,19,15 KM,5,00:50 Min.,50
221,25,27.9 KM,8,01:30 Min.,90
221B,32,29 KM,5,01:30 Min.,90
221D,23,17.4 KM,15,01:00 Min.,60
221E,26,20.32 KM,6,01:00 Min.,60
221F,26,19 KM,6,01:05 Min.,65
221G,26,18.2 KM,6,01:00 Min.,60
221H,27,20.5 KM,8,01:05 Min.,65
221J,35,29.6 KM,3,02:05 Min.,125
221K,21,17.5 KM,5,01:15 Min.,75
221L,45,40.4 KM,2,02:00 Min.,120
222A,24,17.1 KM,29,01:05 Min.,65
222C,25,20.5 KM,5,01:00 Min.,60
222D,34,22.9 KM,5,01:05 Min.,65
222F,24,18.4 KM,3,00:55 Min.,55
222K,31,22.7 KM,14,01:20 Min.,80
222M,45,31 KM,3,01:25 Min.,85
222N,24,18.9 KM,13,01:00 Min.,60
223A,30,21.6 KM,5,01:05 Min.,65
223D,21,14.9 KM,23,01:00 Min.,60
223E,24,19.36 KM,12,01:00 Min.,60
223F,25,18.9 KM,6,00:50 Min.,50
223G,24,16.5 KM,5,00:50 Min.,50
223H,22,15.9 KM,6,00:50 Min.,50
223L,23,14.8 KM,10,00:50 Min.,50
223N,17,12.8 KM,8,00:40 Min.,40
223P,25,14.1 KM,5,00:55 Min.,55
223PA,23,14.5 KM,6,00:55 Min.,55
223Q,2,14 KM,6,00:55 Min.,55
224,22,18.85 KM,7,00:55 Min.,55
224A,22,18.6 KM,6,01:00 Min.,60
224C,23,19 KM,5,01:00 Min.,60
224D,21,20.2 KM,11,01:00 Min.,60
224E,43,36.5 KM,5,02:45 Min.,165
225,21,15.9 KM,8,00:50 Min.,50
225A,22,18.1 KM,4,01:00 Min.,60
225AB,20,16 KM,7,01:00 Min.,60
225B,36,18.5 KM,4,01:00 Min.,60
225C,22,17.5 KM,20,01:00 Min.,60
225CB,23,17.8 KM,13,01:00 Min.,60
225CF,24,20 KM,4,01:00 Min.,60
225D,23,17.4 KM,7,00:55 Min.,55
225DA,18,13.8 KM,12,00:45 Min.,45
225F,22,16.51 KM,10,00:55 Min.,55
225G,17,16.7 KM,13,00:50 Min.,50
225J,23,17.5 KM,4,00:55 Min.,55
225K,19,13.8 KM,17,01:00 Min.,60
225L,29,17.9 KM,4,01:10 Min.,70
225P,16,15 KM,6,00:45 Min.,45
226,35,27.8 KM,1,01:20 Min.,80
226A,31,30.2 KM,2,01:15 Min.,75
226B,29,26.2 KM,5,01:15 Min.,75
226C,34,27.1 KM,8,01:15 Min.,75
226D,33,29.6 KM,2,01:20 Min.,80
226E,34,30.2 KM,5,01:20 Min.,80
226F,37,32.3 KM,5,01:15 Min.,75
226G,44,35.8 KM,3,01:35 Min.,95
226H,43,32.5 KM,3,01:30 Min.,90
226J,38,28.6 KM,2,01:20 Min.,80
226K,37,31.1 KM,2,01:25 Min.,85
226L,36,27 KM,4,01:20 Min.,80
226M,37,38.6 KM,29,01:45 Min.,105
226N,42,30.8 KM,47,01:25 Min.,85
226NA,42,43.5 KM,1,02:00 Min.,120
226P,42,39 KM,2,01:40 Min.,100
226Q,40,32.8 KM,3,01:25 Min.,85
226R,33,33.6 KM,3,01:25 Min.,85
226S,44,37.8 KM,3,01:40 Min.,100
226SB,45,41.5 KM,3,02:00 Min.,120
226T,40,30.6 KM,4,01:20 Min.,80
226U,40,32 KM,2,01:30 Min.,90
226V,42,38.4 KM,2,01:35 Min.,95
226VA,44,41.8 KM,3,01:45 Min.,105
226VB,46,46.9 KM,2,02:00 Min.,120
226VC,45,44.1 KM,2,02:00 Min.,120
226Z,38,30 KM,4,01:10 Min.,70
227A,34,32.4 KM,5,01:55 Min.,115
227B,40,33.5 KM,3,01:25 Min.,85
227BA,42,34 KM,3,01:50 Min.,110
227C,28,20.5 KM,6,01:00 Min.,60
227CA,28,20 KM,4,01:15 Min.,75
227D,33,25.5 KM,1,01:10 Min.,70
227E,39,30.7 KM,4,01:20 Min.,80
227F,40,33.7 KM,4,01:30 Min.,90
227G,26,22.5 KM,4,01:15 Min.,75
227H,36,28.9 KM,6,01:00 Min.,60
227J,31,23.5 KM,4,01:15 Min.,75
227K,41,34.7 KM,4,01:30 Min.,90
227L,42,32.5 KM,4,01:35 Min.,95
227M,47,58.8 KM,2,02:25 Min.,145
227N,37,29 KM,6,01:10 Min.,70
227NA,41,30.5 KM,1,01:25 Min.,85
227P,38,31.5 KM,2,01:20 Min.,80
227Q,36,28.8 KM,3,01:25 Min.,85
227R,34,28.4 KM,4,01:35 Min.,95
227RC,39,31 KM,2,01:30 Min.,90
227S,39,31.1 KM,2,01:20 Min.,80
227T,30,26 KM,5,01:15 Min.,75
227U,45,38.9 KM,4,01:35 Min.,95
227UB,48,45.3 KM,2,02:00 Min.,120
227V,41,35.8 KM,1,01:40 Min.,100
227VA,46,44.4 KM,3,01:55 Min.,115
227VB,40,37.9 KM,3,01:40 Min.,100
227VC,42,38.1 KM,2,01:20 Min.,80
227W,42,38.7 KM,1,01:35 Min.,95
227Y,31,25.6 KM,7,01:15 Min.,75
227Z,54,44.9 KM,3,02:00 Min.,120
227ZA,50,45 KM,3,02:00 Min.,120
228,29,24.5 KM,5,01:05 Min.,65
228A,37,31 KM,8,01:20 Min.,80
228B,31,28.5 KM,8,01:15 Min.,75
228C,34,27.8 KM,3,01:15 Min.,75
228E,32,28.1 KM,3,01:15 Min.,75
228F,38,29.2 KM,4,01:15 Min.,75
228H,37,32 KM,4,01:25 Min.,85
228J,31,27 KM,3,01:20 Min.,80
228K,37,40 KM,3,02:00 Min.,120
228L,34,28.3 KM,2,01:30 Min.,90
229,28,24.2 KM,5,01:05 Min.,65
229A,30,25.2 KM,4,01:15 Min.,75
229D,36,30.6 KM,4,01:30 Min.,90
230,26,21.4 KM,6,01:00 Min.,60
230A,24,18.9 KM,6,00:55 Min.,55
231,35,29 KM,4,01:20 Min.,80
231A,34,32 KM,3,01:30 Min.,90
231B,35,29.2 KM,4,01:15 Min.,75
231C,35,33 KM,4,01:30 Min.,90
231D,37,31.3 KM,5,01:20 Min.,80
231E,40,32.4 KM,4,01:25 Min.,85
231F,42,35.4 KM,3,01:35 Min.,95
231G,33,31 KM,4,01:20 Min.,80
231H,31,24.4 KM,5,01:15 Min.,75
231J,43,37.3 KM,5,01:35 Min.,95
231K,44,37 KM,2,01:35 Min.,95
231L,35,32.8 KM,2,01:30 Min.,90
231P,47,41 KM,2,01:50 Min.,110
234,22,15.8 KM,14,00:50 Min.,50
234A,22,27.8 KM,28,00:55 Min.,55
234E,23,20.7 KM,13,01:10 Min.,70
234F,26,20 KM,6,01:15 Min.,75
235A,23,13.9 KM,14,00:50 Min.,50
235AA,22,13.5 KM,8,00:55 Min.,55
235AB,23,15.5 KM,8,00:55 Min.,55
235B,28,18.3 KM,6,01:00 Min.,60
235C,22,29.8 KM,1,01:20 Min.,80
235D,29,21.2 KM,6,00:55 Min.,55
235E,22,20.6 KM,4,01:00 Min.,60
235F,19,14.6 KM,7,00:45 Min.,45
235H,31,19.4 KM,4,01:15 Min.,75
235K,30,16.8 KM,9,01:00 Min.,60
235P,31,17.9 KM,5,01:00 Min.,60
235Q,29,20 KM,6,00:55 Min.,55
237,16,17.6 KM,8,00:55 Min.,55
237C,20,14.6 KM,4,00:50 Min.,50
237D,31,18.7 KM,5,01:00 Min.,60
237J,28,16.2 KM,5,01:10 Min.,70
238,19,12.4 KM,32,00:45 Min.,45
238A,17,13 KM,18,00:35 Min.,35
238AB,18,15.18 KM,9,01:15 Min.,75
238B,19,12.9 KM,3,00:45 Min.,45
238C,17,10.2 KM,15,00:40 Min.,40
238G,29,14.6 KM,8,00:50 Min.,50
238K,19,12.8 KM,8,00:45 Min.,45
238L,18,12.4 KM,5,00:45 Min.,45
238S,26,17.4 KM,11,01:00 Min.,60
238U,20,13.8 KM,32,00:50 Min.,50
238UB,27,19.8 KM,9,01:05 Min.,65
238V,19,11.6 KM,3,00:50 Min.,50
238VA,22,18 KM,5,01:05 Min.,65
238VB,26,17.6 KM,17,01:05 Min.,65
238VR,19,13.8 KM,7,00:40 Min.,40
238W,27,16.05 KM,7,01:15 Min.,75
238Z,29,18.4 KM,2,01:00 Min.,60
238ZA,30,18.6 KM,15,01:10 Min.,70
239A,28,17.6 KM,5,00:55 Min.,55
239B,24,18.8 KM,4,01:10 Min.,70
239C,27,19.5 KM,4,01:00 Min.,60
239D,23,17.9 KM,4,00:45 Min.,45
240,25,19.5 KM,12,01:00 Min.,60
240A,27,21.2 KM,2,00:55 Min.,55
240BA,17,18.74 KM,7,00:50 Min.,50
240C,22,17.4 KM,12,00:55 Min.,55
240D,12,15.5 KM,3,00:45 Min.,45
240E,26,20.5 KM,6,01:05 Min.,65
240J,43,50 KM,3,01:50 Min.,110
240K,48,72.3 KM,2,02:45 Min.,165
240M,46,54.94 KM,3,02:30 Min.,150
240N,50,61.74 KM,2,01:15 Min.,75
240P,43,28.5 KM,4,01:30 Min.,90
240R,20,17 KM,6,00:55 Min.,55
241,24,20.3 KM,11,01:00 Min.,60
241B,23,19.8 KM,3,01:45 Min.,105
241C,22,18.7 KM,9,00:55 Min.,55
241CB,19,17.2 KM,6,00:50 Min.,50
241CJ,23,19.4 KM,6,01:00 Min.,60
241CN,21,17.7 KM,6,00:55 Min.,55
241D,16,19.6 KM,12,00:40 Min.,40
241E,22,17.5 KM,5,01:00 Min.,60
241G,26,23 KM,5,01:00 Min.,60
241K,26,22.3 KM,5,01:10 Min.,70
241L,31,25.3 KM,3,01:10 Min.,70
241M,46,64 KM,2,02:20 Min.,140
241N,21,16.7 KM,7,00:55 Min.,55
241Q,21,18 KM,5,01:05 Min.,65
241S,30,24.3 KM,6,01:30 Min.,90
242,32,25.1 KM,11,01:15 Min.,75
242AA,44,31.6 KM,4,01:35 Min.,95
242B,29,22.9 KM,18,01:10 Min.,70
242CB,16,13.6 KM,8,00:45 Min.,45
242D,17,14.4 KM,8,00:45 Min.,45
242E,37,31.9 KM,4,01:20 Min.,80
242F,33,27.4 KM,4,01:20 Min.,80
242FA,32,24 KM,4,01:15 Min.,75
242FB,32,26.2 KM,4,01:20 Min.,80
242G,18,14.5 KM,4,00:45 Min.,45
242J,37,30.1 KM,4,01:20 Min.,80
242JA,40,33.2 KM,3,01:40 Min.,100
242JK,36,31.8 KM,3,01:25 Min.,85
242K,39,31.5 KM,4,01:20 Min.,80
242L,40,35.9 KM,4,01:35 Min.,95
242MA,47,36 KM,3,01:45 Min.,105
242N,27,23.2 KM,5,01:00 Min.,60
242P,39,32 KM,4,01:35 Min.,95
242PA,42,38 KM,3,01:45 Min.,105
242Q,34,26.4 KM,3,01:10 Min.,70
242R,36,29.2 KM,4,01:20 Min.,80
242RA,35,27.58 KM,2,01:15 Min.,75
242T,36,33.2 KM,4,01:20 Min.,80
242TA,39,35.4 KM,2,01:30 Min.,90
242TB,39,34.6 KM,3,01:20 Min.,80
242TC,50,40.5 KM,2,00:45 Min.,45
242TD,40,35.4 KM,3,01:30 Min.,90
242TE,41,38 KM,2,01:45 Min.,105
242U,35,29.7 KM,4,01:20 Min.,80
242VC,52,52 KM,2,02:30 Min.,150
242W,54,50.2 KM,2,02:05 Min.,125
242X,43,36.6 KM,2,01:40 Min.,100
242Y,41,37 KM,3,01:30 Min.,90
242ZB,43,39 KM,3,02:00 Min.,120
242ZC,41,36.9 KM,3,01:00 Min.,60
243,19,18 KM,14,01:00 Min.,60
243A,21,17.9 KM,7,00:50 Min.,50
243B,24,18 KM,6,00:45 Min.,45
243C,25,18.4 KM,12,01:00 Min.,60
243D,23,15.5 KM,21,00:55 Min.,55
243F,16,15.7 KM,7,00:50 Min.,50
243G,27,22.5 KM,4,01:10 Min.,70
243H,27,20.5 KM,6,00:50 Min.,50
243J,19,16.1 KM,9,00:50 Min.,50
243M,47,64 KM,2,02:00 Min.,120
244A,17,13.6 KM,8,00:45 Min.,45
244C,17,14.8 KM,24,00:50 Min.,50
244D,24,15.48 KM,4,00:45 Min.,45
244F,21,14.3 KM,8,00:50 Min.,50
244G,21,15.39 KM,5,00:50 Min.,50
244K,14,11.55 KM,7,01:15 Min.,75
245,35,26.9 KM,4,01:10 Min.,70
245A,51,40.5 KM,2,01:30 Min.,90
245B,35,31.5 KM,4,01:20 Min.,80
245C,28,22.3 KM,6,01:00 Min.,60
245D,33,25.8 KM,5,01:15 Min.,75
245DA,32,21.2 KM,3,01:15 Min.,75
245E,32,26.9 KM,5,01:00 Min.,60
245F,37,28.1 KM,4,01:15 Min.,75
245GA,23,21 KM,4,01:10 Min.,70
245H,42,37.3 KM,6,01:45 Min.,105
245J,28,22.2 KM,4,01:00 Min.,60
245K,29,28.2 KM,4,01:15 Min.,75
245L,40,34.4 KM,4,01:25 Min.,85
245M,28,22.1 KM,6,01:05 Min.,65
245MA,31,25.1 KM,3,01:25 Min.,85
245N,28,23.9 KM,3,01:10 Min.,70
245P,40,27.6 KM,4,01:15 Min.,75
245Q,29,23.5 KM,4,01:10 Min.,70
245R,30,27 KM,4,01:15 Min.,75
245TC,15,11.4 KM,8,00:30 Min.,30
246,13,12 KM,16,00:45 Min.,45
246A,26,21.6 KM,4,01:00 Min.,60
247,46,29.3 KM,3,01:20 Min.,80
248,32,26 KM,83,01:25 Min.,85
248AB,34,22.1 KM,10,01:20 Min.,80
248AN,49,31.5 KM,4,01:05 Min.,65
248B,35,20.5 KM,6,01:25 Min.,85
248BA,46,36 KM,7,01:45 Min.,105
248C,25,17.2 KM,6,00:55 Min.,55
248D,44,20.7 KM,2,01:05 Min.,65
248F,23,16.8 KM,12,01:00 Min.,60
248G,21,15.6 KM,33,00:55 Min.,55
248J,46,29.9 KM,2,02:00 Min.,120
248K,42,30.2 KM,2,01:30 Min.,90
248L,40,37.48 KM,3,01:30 Min.,90
248M,48,33 KM,2,01:45 Min.,105
248N,38,24.2 KM,19,01:10 Min.,70
248P,37,24.5 KM,5,01:10 Min.,70
248R,27,18.5 KM,17,01:30 Min.,90
248T,40,24.9 KM,3,01:05 Min.,65
248U,38,23.8 KM,4,01:10 Min.,70
248V,35,25.2 KM,7,01:15 Min.,75
248W,21,16.5 KM,6,00:55 Min.,55
248Z,54,44 KM,7,02:00 Min.,120
24E,19,10.6 KM,8,00:45 Min.,45
24H,20,11.2 KM,9,00:40 Min.,40
24N,20,12.5 KM,7,00:35 Min.,35
25,22,14.4 KM,10,01:10 Min.,70
250,28,26.6 KM,4,01:00 Min.,60
250A,25,17.5 KM,10,01:00 Min.,60
250AB,27,18.9 KM,15,01:00 Min.,60
250AC,19,18 KM,25,00:40 Min.,40
250B,25,19.3 KM,8,01:05 Min.,65
250BA,23,18.24 KM,1,01:00 Min.,60
250C,21,15.1 KM,7,00:55 Min.,55
250CA,23,16.7 KM,5,00:55 Min.,55
250CB,21,15.03 KM,5,00:55 Min.,55
250CC,20,18.1 KM,3,01:00 Min.,60
250D,27,19.3 KM,6,00:55 Min.,55
250E,29,22.3 KM,4,01:10 Min.,70
250F,31,22.3 KM,3,01:10 Min.,70
250G,25,15 KM,6,01:20 Min.,80
250H,23,16.9 KM,5,00:55 Min.,55
250J,24,17 KM,9,01:15 Min.,75
250L,22,16.21 KM,6,00:45 Min.,45
250M,21,16.3 KM,6,00:50 Min.,50
250N,24,17.6 KM,5,01:00 Min.,60
250P,27,19.4 KM,2,01:15 Min.,75
250R,27,19.2 KM,5,01:00 Min.,60
250S,24,18.8 KM,5,01:00 Min.,60
250SA,27,20.1 KM,12,01:10 Min.,70
250TA,30,19 KM,4,00:55 Min.,55
250V,29,20.2 KM,5,01:05 Min.,65
250W,30,20 KM,3,00:55 Min.,55
250X,29,24.2 KM,4,01:15 Min.,75
250Y,26,20.8 KM,11,01:00 Min.,60
250YA,24,16.3 KM,11,00:50 Min.,50
250YB,25,16.9 KM,3,00:55 Min.,55
250Z,26,19.9 KM,5,01:00 Min.,60
251,41,32.2 KM,2,01:30 Min.,90
251A,43,36.8 KM,2,01:40 Min.,100
251B,47,38.2 KM,2,01:30 Min.,90
251C,26,17.5 KM,26,00:55 Min.,55
251E,27,15.3 KM,40,01:00 Min.,60
251G,41,31 KM,4,01:40 Min.,100
251M,49,39.3 KM,2,01:55 Min.,115
252,24,16.4 KM,73,01:30 Min.,90
252A,27,18.9 KM,49,01:15 Min.,75
252C,42,25.5 KM,3,01:15 Min.,75
252D,20,15.6 KM,7,00:55 Min.,55
252E,23,15.5 KM,49,01:15 Min.,75
252F,26,14.2 KM,113,01:00 Min.,60
252FA,31,18.4 KM,12,01:00 Min.,60
252FB,27,21 KM,5,01:05 Min.,65
252GA,19,13.9 KM,7,00:45 Min.,45
252H,23,11.8 KM,31,00:45 Min.,45
252J,27,17.5 KM,5,00:55 Min.,55
252K,30,20.1 KM,5,01:00 Min.,60
252L,24,15.8 KM,2,01:00 Min.,60
252N,37,23.8 KM,5,01:10 Min.,70
252R,25,20.09 KM,4,01:00 Min.,60
252RA,26,18.8 KM,4,01:00 Min.,60
252V,2,15.3 KM,11,01:00 Min.,60
253,40,32.7 KM,4,01:25 Min.,85
253A,43,37.7 KM,4,01:45 Min.,105
253D,42,32.1 KM,2,01:45 Min.,105
253E,44,36.7 KM,6,01:35 Min.,95
253F,47,41.6 KM,4,01:50 Min.,110
253H,50,42.9 KM,3,02:05 Min.,125
253HC,51,44.2 KM,3,01:50 Min.,110
253J,36,28.6 KM,13,01:15 Min.,75
253K,48,41 KM,3,02:00 Min.,120
253M,37,29.4 KM,2,01:00 Min.,60
253N,47,36.4 KM,3,01:50 Min.,110
253P,43,35.4 KM,4,01:35 Min.,95
253Q,40,32.1 KM,4,01:20 Min.,80
253R,39,30.4 KM,3,01:30 Min.,90
253T,47,40 KM,2,01:45 Min.,105
253W,39,29.2 KM,2,01:30 Min.,90
254A,37,27.7 KM,8,01:10 Min.,70
254C,39,30.1 KM,2,01:30 Min.,90
254D,36,26 KM,2,01:20 Min.,80
254E,32,24.8 KM,4,01:20 Min.,80
255,44,29 KM,4,01:30 Min.,90
255A,46,31.6 KM,5,01:25 Min.,85
255AA,39,25.5 KM,3,01:15 Min.,75
255AC,26,21.3 KM,1,00:55 Min.,55
255C,43,30.2 KM,3,01:30 Min.,90
255D,41,28.1 KM,5,01:20 Min.,80
255E,45,30.4 KM,9,01:30 Min.,90
255F,51,29.3 KM,5,01:25 Min.,85
255H,46,32.9 KM,2,01:15 Min.,75
255J,43,28 KM,3,01:25 Min.,85
256,44,29.6 KM,2,01:20 Min.,80
256B,43,29.3 KM,3,01:05 Min.,65
256C,24,19 KM,5,00:55 Min.,55
256D,40,28 KM,4,01:20 Min.,80
256F,30,26.7 KM,10,00:55 Min.,55
256K,34,29.4 KM,2,01:25 Min.,85
256M,66,54.1 KM,3,02:00 Min.,120
257,37,25.4 KM,6,01:10 Min.,70
257B,32,20.5 KM,1,01:00 Min.,60
257C,25,18.2 KM,4,01:00 Min.,60
257D,35,24.8 KM,3,01:10 Min.,70
257E,32,25 KM,4,01:10 Min.,70
257G,30,22.5 KM,9,01:15 Min.,75
257H,33,24.2 KM,3,01:15 Min.,75
258,44,30 KM,10,01:30 Min.,90
258A,53,37.2 KM,1,01:35 Min.,95
258AB,41,32.1 KM,3,01:35 Min.,95
258B,40,27.6 KM,5,01:20 Min.,80
258BN,59,41.7 KM,2,02:30 Min.,150
258C,39,34.3 KM,81,01:25 Min.,85
258CB,31,22.4 KM,21,01:30 Min.,90
258CC,37,26.7 KM,13,01:30 Min.,90
258E,51,34.8 KM,5,01:30 Min.,90
258G,50,39.5 KM,3,01:30 Min.,90
258GA,51,36.3 KM,2,01:25 Min.,85
258K,51,37.8 KM,6,01:40 Min.,100
258KA,53,40.2 KM,2,01:45 Min.,105
258M,57,50.5 KM,3,02:00 Min.,120
258N,40,27.9 KM,3,01:00 Min.,60
258P,50,34.6 KM,4,01:40 Min.,100
258Q,57,38.5 KM,2,01:45 Min.,105
258QA,54,35.4 KM,1,01:45 Min.,105
258S,56,45.8 KM,2,01:45 Min.,105
258SA,57,41.1 KM,2,01:40 Min.,100
258SD,56,43.5 KM,2,02:00 Min.,120
258T,52,40.22 KM,1,01:30 Min.,90
258TA,57,43.5 KM,3,01:40 Min.,100
258TB,54,39.1 KM,2,01:40 Min.,100
258TC,47,38.4 KM,1,01:50 Min.,110
258V,63,46.7 KM,3,02:10 Min.,130
258VA,51,35.8 KM,3,01:45 Min.,105
258VB,49,33.8 KM,4,01:40 Min.,100
258VC,49,36.5 KM,3,01:45 Min.,105
258VD,60,41 KM,1,01:30 Min.,90
258VF,57,41.9 KM,1,01:40 Min.,100
258VG,53,37.5 KM,1,01:50 Min.,110
258W,52,41 KM,3,01:45 Min.,105
258WA,23,41 KM,3,02:00 Min.,120
258X,38,26 KM,4,01:10 Min.,70
258Y,50,36 KM,1,01:05 Min.,65
258YA,46,33.6 KM,4,01:35 Min.,95
259B,28,19.6 KM,4,00:55 Min.,55
25A,21,13 KM,33,00:50 Min.,50
25B,24,15.4 KM,8,00:50 Min.,50
25C,17,11.1 KM,5,00:40 Min.,40
25D,22,13 KM,8,00:50 Min.,50
25H,20,14.4 KM,3,00:45 Min.,45
25N,22,13.6 KM,13,00:50 Min.,50
25R,30,13.8 KM,5,00:50 Min.,50
26,13,10.4 KM,6,00:35 Min.,35
261,25,15.7 KM,8,00:55 Min.,55
263,43,30 KM,4,01:10 Min.,70
263A,32,22.5 KM,8,01:10 Min.,70
263B,28,22.5 KM,6,01:15 Min.,75
263C,39,30 KM,3,01:30 Min.,90
263D,26,16.5 KM,2,00:55 Min.,55
263E,30,20.5 KM,10,01:10 Min.,70
263G,27,22.5 KM,10,01:00 Min.,60
263H,24,18.2 KM,6,00:55 Min.,55
263J,28,17.5 KM,5,01:00 Min.,60
263P,15,12 KM,7,00:35 Min.,35
263R,36,26.8 KM,3,00:30 Min.,30
264,48,27 KM,14,01:40 Min.,100
264A,46,26.8 KM,19,01:40 Min.,100
265,43,28.7 KM,53,01:55 Min.,115
265A,42,28.7 KM,65,01:55 Min.,115
265B,26,16.3 KM,13,00:55 Min.,55
265D,15,11.9 KM,6,01:20 Min.,80
265E,48,33 KM,3,01:30 Min.,90
266,39,34.7 KM,4,01:30 Min.,90
266B,35,26.4 KM,2,01:15 Min.,75
266C,37,32.5 KM,3,01:40 Min.,100
266D,45,29.7 KM,3,01:20 Min.,80
266E,35,26.9 KM,4,01:20 Min.,80
266F,34,23 KM,3,01:00 Min.,60
266G,35,26.8 KM,4,01:15 Min.,75
266K,37,29.2 KM,4,01:20 Min.,80
266M,33,25.6 KM,5,01:15 Min.,75
266N,26,23.2 KM,5,01:15 Min.,75
266Q,27,20.2 KM,6,01:05 Min.,65
266R,28,23.1 KM,3,01:15 Min.,75
266T,30,21.2 KM,7,01:20 Min.,80
267A,21,12.8 KM,8,00:55 Min.,55
267B,30,16 KM,7,01:11 Min.,71
267C,23,15.7 KM,5,00:50 Min.,50
268,37,23.6 KM,3,01:10 Min.,70
269,17,15.5 KM,15,00:50 Min.,50
269A,24,14.8 KM,3,00:50 Min.,50
269B,24,14.3 KM,7,01:00 Min.,60
27,26,15.5 KM,6,01:00 Min.,60
270,34,22.4 KM,2,01:10 Min.,70
270A,26,23.5 KM,2,01:00 Min.,60
270C,20,11.5 KM,9,00:40 Min.,40
270D,29,17.3 KM,8,01:00 Min.,60
270G,25,16.6 KM,5,00:55 Min.,55
270HA,30,24.7 KM,3,01:25 Min.,85
271,20,13.7 KM,5,01:25 Min.,85
271A,26,15.9 KM,14,00:55 Min.,55
271C,21,18.1 KM,13,00:50 Min.,50
271D,16,11.3 KM,18,00:45 Min.,45
271E,23,17.4 KM,6,00:50 Min.,50
271F,37,20.6 KM,9,01:10 Min.,70
271G,31,19 KM,9,01:10 Min.,70
271K,15,10.3 KM,15,00:40 Min.,40
271N,35,18.8 KM,6,01:05 Min.,65
271P,24,16.3 KM,6,00:50 Min.,50
271Q,41,22.2 KM,27,01:15 Min.,75
271R,42,22.2 KM,27,01:25 Min.,85
271T,28,16.2 KM,6,00:50 Min.,50
272B,30,25.9 KM,5,01:15 Min.,75
272E,22,16.9 KM,5,01:00 Min.,60
273,33,20.1 KM,37,01:00 Min.,60
273B,26,16.3 KM,15,00:55 Min.,55
273C,25,18.7 KM,43,01:00 Min.,60
273E,30,20 KM,4,01:05 Min.,65
273F,31,18.9 KM,12,00:50 Min.,50
273H,18,12 KM,7,00:40 Min.,40
273J,22,15.3 KM,7,00:50 Min.,50
275,27,17 KM,2,00:55 Min.,55
275A,51,32.1 KM,8,02:00 Min.,120
275B,51,32.1 KM,3,02:10 Min.,130
275C,20,13.9 KM,6,00:55 Min.,55
276,24,16 KM,101,01:05 Min.,65
276A,27,17 KM,29,01:00 Min.,60
276B,29,20.2 KM,4,01:05 Min.,65
276C,13,12 KM,18,00:40 Min.,40
276D,19,15 KM,8,00:45 Min.,45
276E,28,19.8 KM,4,01:00 Min.,60
276K,15,13.3 KM,8,00:45 Min.,45
276P,18,13 KM,9,00:40 Min.,40
277,15,15.8 KM,9,00:40 Min.,40
278,14,9.1 KM,9,00:30 Min.,30
278A,16,11 KM,8,00:40 Min.,40
278E,16,10.8 KM,36,01:00 Min.,60
278K,15,9.9 KM,7,00:35 Min.,35
279,12,11.8 KM,8,00:45 Min.,45
279A,17,13.8 KM,17,00:50 Min.,50
279C,14,12 KM,17,00:55 Min.,55
279E,13,12.9 KM,73,00:40 Min.,40
279F,33,24.3 KM,3,01:30 Min.,90
279H,15,12.3 KM,6,00:45 Min.,45
279K,13,9.6 KM,8,00:30 Min.,30
27A,26,14.1 KM,7,00:55 Min.,55
27E,25,13.6 KM,11,01:00 Min.,60
27N,26,17.8 KM,6,01:00 Min.,60
280,29,25.6 KM,5,01:10 Min.,70
280A,27,24.1 KM,7,01:10 Min.,70
280E,30,28.5 KM,5,01:05 Min.,65
280F,26,33 KM,10,01:25 Min.,85
280K,27,24.9 KM,4,01:10 Min.,70
280L,31,29.2 KM,4,01:10 Min.,70
280M,27,24.8 KM,4,01:10 Min.,70
281,41,37 KM,2,01:10 Min.,70
281G,37,34 KM,3,01:35 Min.,95
281K,14,10.09 KM,9,00:30 Min.,30
282,33,30.5 KM,5,01:15 Min.,75
282A,32,29.4 KM,4,01:20 Min.,80
282B,38,32.5 KM,8,01:30 Min.,90
282C,37,33.5 KM,9,01:25 Min.,85
282E,39,27.2 KM,4,01:20 Min.,80
282F,33,29.6 KM,5,01:25 Min.,85
282G,26,22.8 KM,5,01:05 Min.,65
282H,34,24.5 KM,2,01:10 Min.,70
283,35,30.5 KM,2,01:40 Min.,100
283A,33,28.7 KM,5,01:15 Min.,75
283B,37,33.5 KM,4,01:25 Min.,85
283D,31,29.3 KM,3,01:25 Min.,85
283E,39,30.5 KM,4,01:00 Min.,60
284,18,20.5 KM,18,01:30 Min.,90
284A,22,20.52 KM,3,01:30 Min.,90
284B,32,18.9 KM,1,00:45 Min.,45
284C,18,15.1 KM,7,00:40 Min.,40
284D,22,20.5 KM,36,01:40 Min.,100
285,34,30.5 KM,5,01:15 Min.,75
285A,31,28.9 KM,5,01:05 Min.,65
285B,28,24.3 KM,1,01:20 Min.,80
285C,36,35.6 KM,3,01:30 Min.,90
285CA,39,39.8 KM,2,01:40 Min.,100
285CB,38,36.9 KM,3,01:40 Min.,100
285CC,38,41 KM,3,01:40 Min.,100
285D,34,32.6 KM,4,01:20 Min.,80
285E,38,36 KM,4,01:30 Min.,90
285F,39,35.5 KM,4,01:30 Min.,90
285G,40,35 KM,6,01:35 Min.,95
285H,33,33.6 KM,3,01:30 Min.,90
285J,38,37.5 KM,3,01:20 Min.,80
285JA,37,31.7 KM,2,01:30 Min.,90
285JB,42,40.7 KM,2,01:55 Min.,115
285JE,42,42.8 KM,1,01:05 Min.,65
285K,34,31 KM,4,01:25 Min.,85
285L,44,39.2 KM,3,01:30 Min.,90
285M,43,40.8 KM,62,01:45 Min.,105
285MA,2,38.3 KM,43,01:25 Min.,85
285MF,46,38.3 KM,6,02:05 Min.,125
285MG,47,44 KM,2,01:50 Min.,110
285MK,47,42.3 KM,6,01:45 Min.,105
285N,36,34 KM,2,01:35 Min.,95
285P,38,36.8 KM,4,01:35 Min.,95
285R,43,39.2 KM,2,01:40 Min.,100
285RA,46,42.1 KM,2,01:30 Min.,90
285RB,47,46.8 KM,2,02:00 Min.,120
285V,43,33 KM,2,01:20 Min.,80
285X,37,30.7 KM,4,01:20 Min.,80
285Y,39,35 KM,4,01:30 Min.,90
285Z,37,33.1 KM,3,01:20 Min.,80
285w,38,36.1 KM,3,01:30 Min.,90
286,22,18 KM,12,00:55 Min.,55
286A,19,17 KM,9,00:50 Min.,50
286B,25,21.1 KM,11,00:55 Min.,55
286D,23,19.2 KM,10,00:55 Min.,55
286E,24,19.7 KM,4,01:00 Min.,60
286F,23,17.5 KM,8,00:55 Min.,55
286G,17,13.8 KM,6,00:45 Min.,45
286H,23,16 KM,5,00:55 Min.,55
287A,12,11.5 KM,1,00:25 Min.,25
287B,15,12.5 KM,9,00:40 Min.,40
287C,20,15.6 KM,4,00:40 Min.,40
287D,15,15.2 KM,7,00:45 Min.,45
287F,17,11.3 KM,7,00:40 Min.,40
287G,13,12.95 KM,8,01:15 Min.,75
287JA,13,12.1 KM,6,00:45 Min.,45
287K,20,14.7 KM,6,00:45 Min.,45
287L,14,14 KM,8,00:50 Min.,50
287M,30,26.8 KM,2,01:00 Min.,60
287N,20,11.3 KM,6,00:30 Min.,30
287P,19,11 KM,9,00:35 Min.,35
287Q,18,14 KM,8,00:40 Min.,40
287R,7,12.1 KM,9,00:40 Min.,40
287RA,7,12.6 KM,8,00:40 Min.,40
287S,32,22.46 KM,6,01:15 Min.,75
287T,20,17.5 KM,5,00:55 Min.,55
288,22,17.7 KM,17,00:55 Min.,55
288A,24,13.9 KM,7,00:45 Min.,45
288C,15,15.1 KM,6,00:55 Min.,55
288D,17,14.1 KM,9,00:45 Min.,45
288F,24,18.1 KM,5,00:55 Min.,55
288H,19,14.2 KM,30,01:05 Min.,65
288M,25,17.6 KM,10,00:55 Min.,55
289,34,29.5 KM,3,01:10 Min.,70
289A,13,11.3 KM,6,00:30 Min.,30
289AB,8,16.7 KM,7,00:45 Min.,45
289B,40,41.56 KM,3,01:50 Min.,110
289C,38,31.6 KM,4,01:30 Min.,90
289D,37,42.6 KM,2,01:45 Min.,105
289E,36,33 KM,6,01:25 Min.,85
289F,34,40.2 KM,10,01:35 Min.,95
289H,31,38 KM,4,01:30 Min.,90
289K,41,39.8 KM,2,01:40 Min.,100
289L,26,41 KM,6,01:30 Min.,90
289M,37,35.7 KM,5,01:25 Min.,85
289R,40,44.1 KM,4,01:35 Min.,95
29,22,13 KM,7,00:50 Min.,50
290,23,10.4 KM,68,01:30 Min.,90
290A,24,12.4 KM,16,00:45 Min.,45
290B,24,14.6 KM,28,00:50 Min.,50
290C,19,11.5 KM,14,00:35 Min.,35
290D,17,13.5 KM,7,00:50 Min.,50
290E,35,23.6 KM,77,01:15 Min.,75
290H,16,8.5 KM,22,00:35 Min.,35
290J,26,16.7 KM,7,00:55 Min.,55
290K,12,7 KM,26,00:35 Min.,35
290L,12,9.3 KM,10,00:40 Min.,40
290N,26,15 KM,10,00:50 Min.,50
290NA,2,24.6 KM,4,01:40 Min.,100
290Q,27,18.1 KM,23,01:00 Min.,60
290QA,2,19.6 KM,5,01:15 Min.,75
290R,39,29.8 KM,7,01:25 Min.,85
290RA,41,38.5 KM,2,01:45 Min.,105
290S,24,15.3 KM,6,00:45 Min.,45
290T,33,21.8 KM,3,01:05 Min.,65
290Y,12,15.5 KM,26,00:50 Min.,50
290Z,34,22.9 KM,7,01:10 Min.,70
291,23,19.2 KM,4,00:45 Min.,45
291A,31,22.5 KM,9,01:15 Min.,75
291D,26,18.6 KM,32,01:05 Min.,65
291E,18,12.9 KM,8,00:50 Min.,50
291G,12,8 KM,28,00:35 Min.,35
291H,25,17.5 KM,8,01:10 Min.,70
291J,23,16 KM,48,01:00 Min.,60
291K,39,32 KM,4,01:30 Min.,90
291L,43,33.7 KM,2,01:35 Min.,95
291M,15,13.6 KM,22,00:45 Min.,45
291N,17,13.1 KM,17,00:45 Min.,45
291P,24,18.5 KM,4,01:20 Min.,80
291R,20,16.3 KM,12,00:55 Min.,55
292,24,19.2 KM,5,01:00 Min.,60
292B,22,19.5 KM,6,01:00 Min.,60
292C,20,18.5 KM,18,01:00 Min.,60
293,28,33.5 KM,9,01:15 Min.,75
293A,21,16.8 KM,7,00:50 Min.,50
293B,25,26 KM,5,01:20 Min.,80
293C,22,21.5 KM,18,01:00 Min.,60
293D,33,38.5 KM,3,01:50 Min.,110
293E,36,34.5 KM,4,01:20 Min.,80
293F,36,35.6 KM,3,01:30 Min.,90
293H,28,33.5 KM,4,01:25 Min.,85
293J,33,34.6 KM,3,01:30 Min.,90
293K,35,32.7 KM,3,01:15 Min.,75
293L,30,26.3 KM,5,01:20 Min.,80
293M,36,32.4 KM,4,01:25 Min.,85
293P,31,26.8 KM,2,00:45 Min.,45
293S,2,25.4 KM,12,01:20 Min.,80
294,25,21.6 KM,6,01:00 Min.,60
294A,25,23.2 KM,5,01:05 Min.,65
294B,23,20 KM,13,00:55 Min.,55
294C,14,13.3 KM,14,00:45 Min.,45
294D,26,22.2 KM,4,01:10 Min.,70
294E,23,21 KM,5,01:00 Min.,60
294F,24,21.6 KM,5,01:05 Min.,65
295,23,24.9 KM,10,01:10 Min.,70
295A,23,20.8 KM,6,01:00 Min.,60
295C,19,17.4 KM,13,00:55 Min.,55
295E,23,22.1 KM,5,01:05 Min.,65
296A,27,24.6 KM,2,01:20 Min.,80
296B,19,13 KM,14,00:50 Min.,50
296D,16,10.4 KM,10,00:35 Min.,35
296F,26,28.4 KM,5,01:20 Min.,80
296K,36,26.3 KM,8,01:20 Min.,80
296N,24,27.1 KM,5,01:20 Min.,80
296Q,14,8.7 KM,11,00:30 Min.,30
296T,16,12.7 KM,8,00:45 Min.,45
297,41,39.4 KM,3,01:45 Min.,105
297A,43,46 KM,2,01:45 Min.,105
297B,42,43.3 KM,2,01:50 Min.,110
297F,40,34.9 KM,3,00:45 Min.,45
297H,40,39.6 KM,1,01:15 Min.,75
297K,22,25.4 KM,5,01:00 Min.,60
297M,11,32.2 KM,3,01:20 Min.,80
298,39,37.1 KM,1,01:20 Min.,80
298C,44,36.1 KM,4,01:30 Min.,90
298M,41,36.7 KM,59,01:35 Min.,95
298MA,43,42.3 KM,3,01:40 Min.,100
298MB,43,38.2 KM,3,01:25 Min.,85
298MC,42,42.3 KM,2,01:50 Min.,110
298ME,43,39.3 KM,6,01:30 Min.,90
298MG,47,46.1 KM,1,01:45 Min.,105
298MK,46,51.8 KM,1,01:25 Min.,85
298P,23,26.7 KM,22,01:10 Min.,70
298PA,19,31 KM,5,01:10 Min.,70
298PB,18,32 KM,5,01:15 Min.,75
298PC,17,28 KM,6,01:10 Min.,70
298Y,46,45.2 KM,2,01:30 Min.,90
299E,38,36.2 KM,5,01:20 Min.,80
29E,23,14.3 KM,7,00:45 Min.,45
2A,17,13.7 KM,40,00:45 Min.,45
2B,19,14 KM,8,00:50 Min.,50
2D,17,13 KM,13,00:40 Min.,40
2E,18,14.5 KM,25,00:55 Min.,55
300,17,9.1 KM,18,00:30 Min.,30
300A,22,16.2 KM,6,00:55 Min.,55
300B,16,18.8 KM,14,00:45 Min.,45
300C,27,19.7 KM,12,01:00 Min.,60
300D,17,10.7 KM,18,01:15 Min.,75
300E,25,15.7 KM,64,00:55 Min.,55
300F,26,17 KM,13,00:55 Min.,55
300H,29,21 KM,22,01:10 Min.,70
300K,29,20.8 KM,3,01:05 Min.,65
300L,19,10.5 KM,5,00:40 Min.,40
300MB,29,24 KM,3,01:20 Min.,80
300P,27,14.9 KM,15,00:45 Min.,45
300T,36,31.5 KM,3,01:30 Min.,90
300V,29,19.2 KM,5,01:10 Min.,70
301,24,19.8 KM,2,01:10 Min.,70
301A,21,11.8 KM,11,00:50 Min.,50
301D,39,33.3 KM,7,01:45 Min.,105
301E,27,19.38 KM,24,00:55 Min.,55
301F,27,20.6 KM,4,01:10 Min.,70
301R,35,39.5 KM,2,01:45 Min.,105
302,17,12.1 KM,38,00:35 Min.,35
302A,20,16.8 KM,14,00:50 Min.,50
302C,19,13.7 KM,2,00:55 Min.,55
302D,23,13.4 KM,7,01:05 Min.,65
302E,23,17.6 KM,13,00:55 Min.,55
302F,17,17.8 KM,16,00:55 Min.,55
302G,14,11.8 KM,10,00:45 Min.,45
302J,20,12.8 KM,9,00:45 Min.,45
302K,20,16.5 KM,6,00:50 Min.,50
302M,17,11.4 KM,8,00:40 Min.,40
302N,22,16 KM,6,01:10 Min.,70
303A,22,16.8 KM,7,00:50 Min.,50
303B,18,13.4 KM,5,00:45 Min.,45
303C,20,13.8 KM,19,00:45 Min.,45
303D,17,12.4 KM,6,00:45 Min.,45
303E,20,16.8 KM,12,00:50 Min.,50
303F,14,13 KM,10,00:40 Min.,40
303G,22,14.4 KM,14,00:50 Min.,50
304,41,37.5 KM,4,01:25 Min.,85
304A,22,16.6 KM,8,00:45 Min.,45
304B,26,18.5 KM,3,01:25 Min.,85
304C,30,22.6 KM,5,01:10 Min.,70
304D,36,30.4 KM,3,01:35 Min.,95
304E,44,37.5 KM,4,01:45 Min.,105
304F,27,22 KM,4,01:05 Min.,65
304H,45,38 KM,3,01:40 Min.,100
304J,45,36.5 KM,3,01:50 Min.,110
304L,42,34.2 KM,3,01:30 Min.,90
304M,50,44.9 KM,3,01:50 Min.,110
304N,39,32 KM,3,01:35 Min.,95
304NA,40,33.1 KM,1,01:10 Min.,70
304P,46,40 KM,3,01:50 Min.,110
304Q,47,42.7 KM,2,02:00 Min.,120
304R,48,44.2 KM,2,02:00 Min.,120
304S,38,34.2 KM,2,01:40 Min.,100
304T,36,30 KM,4,01:25 Min.,85
304V,49,43 KM,7,01:45 Min.,105
304VA,32,37 KM,3,01:30 Min.,90
304X,41,39 KM,2,01:40 Min.,100
304Z,50,43 KM,2,01:45 Min.,105
305,38,29.1 KM,4,01:30 Min.,90
305A,39,31.7 KM,4,01:30 Min.,90
305B,39,32.8 KM,2,01:30 Min.,90
305C,39,34 KM,4,01:20 Min.,80
305D,34,25.2 KM,18,01:20 Min.,80
305E,39,32.6 KM,4,01:25 Min.,85
305F,38,29.8 KM,3,01:20 Min.,80
305G,40,37.8 KM,2,01:30 Min.,90
305H,33,29.6 KM,7,01:30 Min.,90
305J,40,38.4 KM,5,01:35 Min.,95
305K,37,38 KM,2,01:45 Min.,105
305L,41,37.2 KM,3,01:50 Min.,110
305M,40,37.2 KM,2,01:20 Min.,80
305N,42,39.4 KM,3,01:45 Min.,105
305NT,18,24.5 KM,4,01:00 Min.,60
305P,39,39.8 KM,3,01:40 Min.,100
305Q,40,39.6 KM,2,01:50 Min.,110
305R,38,33.4 KM,3,01:45 Min.,105
305S,37,32 KM,6,01:30 Min.,90
305V,36,30.9 KM,4,01:30 Min.,90
306,38,34.4 KM,7,01:20 Min.,80
306A,45,41 KM,2,01:30 Min.,90
306B,41,39.7 KM,3,01:55 Min.,115
306C,38,34.6 KM,3,01:30 Min.,90
306D,39,33.9 KM,4,01:40 Min.,100
306E,41,37.2 KM,6,01:45 Min.,105
306F,41,36.9 KM,3,01:30 Min.,90
306G,42,38 KM,3,01:40 Min.,100
306H,41,35 KM,2,01:30 Min.,90
306J,42,37.2 KM,7,01:30 Min.,90
306K,39,31.9 KM,4,01:20 Min.,80
306L,46,41.3 KM,2,01:35 Min.,95
306M,45,41.7 KM,6,01:45 Min.,105
306MA,46,41.2 KM,2,01:45 Min.,105
306P,47,44.9 KM,3,01:45 Min.,105
306Q,33,31.9 KM,4,01:30 Min.,90
306R,49,39.2 KM,1,01:20 Min.,80
306S,42,38 KM,2,01:40 Min.,100
306T,42,35.6 KM,2,01:30 Min.,90
307A,27,27.43 KM,4,01:10 Min.,70
307B,29,28.48 KM,1,01:10 Min.,70
307C,29,22.3 KM,4,01:15 Min.,75
308,32,28.8 KM,9,01:20 Min.,80
308B,33,29.6 KM,2,01:30 Min.,90
310,14,12.1 KM,8,00:50 Min.,50
310E,22,17.2 KM,6,00:55 Min.,55
311,19,14.6 KM,10,00:50 Min.,50
311C,14,12.8 KM,9,00:45 Min.,45
311E,16,14.1 KM,6,00:45 Min.,45
311F,19,15 KM,6,00:45 Min.,45
311J,17,15.1 KM,5,00:50 Min.,50
311K,19,21 KM,4,00:30 Min.,30
312,19,21.7 KM,6,01:00 Min.,60
312A,20,18.3 KM,5,00:55 Min.,55
313B,21,16.8 KM,7,00:55 Min.,55
313C,20,13.8 KM,9,00:45 Min.,45
313D,25,18.5 KM,9,00:55 Min.,55
313E,25,24.5 KM,4,01:10 Min.,70
313F,24,27.9 KM,4,01:15 Min.,75
313G,22,20.2 KM,4,00:55 Min.,55
313K,22,20 KM,6,01:00 Min.,60
313L,21,18 KM,14,01:00 Min.,60
313M,26,21.5 KM,6,01:00 Min.,60
313P,24,17.2 KM,6,00:55 Min.,55
313T,26,18 KM,7,00:55 Min.,55
313U,24,18.3 KM,5,00:55 Min.,55
314,15,13.5 KM,17,00:55 Min.,55
314A,19,17.8 KM,23,00:50 Min.,50
314B,22,17.9 KM,13,01:10 Min.,70
314BM,22,19.9 KM,6,01:05 Min.,65
314D,22,19.2 KM,18,01:05 Min.,65
314E,25,18.9 KM,19,01:00 Min.,60
314F,25,18.6 KM,3,01:00 Min.,60
314FA,21,17.4 KM,7,00:45 Min.,45
314G,20,16.6 KM,6,00:55 Min.,55
314H,22,17.5 KM,16,01:10 Min.,70
314K,35,23.5 KM,3,01:15 Min.,75
314N,18,13.9 KM,10,00:040 Min.,40
314P,13,11.6 KM,22,00:35 Min.,35
314T,23,21.6 KM,16,01:10 Min.,70
314X,23,20.2 KM,6,01:00 Min.,60
315,21,18.4 KM,17,01:25 Min.,85
315C,17,12.1 KM,9,00:45 Min.,45
315D,24,17.8 KM,12,01:00 Min.,60
315DN,23,18 KM,5,01:00 Min.,60
315E,25,21.6 KM,4,01:15 Min.,75
315F,24,22.7 KM,6,01:10 Min.,70
315J,33,29.2 KM,3,01:30 Min.,90
315K,26,19.8 KM,12,00:55 Min.,55
315L,22,18.5 KM,14,01:00 Min.,60
315P,25,18.5 KM,12,00:55 Min.,55
315T,30,20.8 KM,8,01:05 Min.,65
315U,25,18.9 KM,5,01:00 Min.,60
315V,26,25.4 KM,5,01:15 Min.,75
316,39,33.5 KM,4,01:20 Min.,80
316A,41,37.1 KM,3,01:30 Min.,90
316B,40,33.5 KM,9,01:25 Min.,85
316C,29,28.9 KM,4,01:25 Min.,85
316D,41,38.8 KM,3,01:45 Min.,105
316E,34,30 KM,3,01:25 Min.,85
316F,29,24.49 KM,4,01:15 Min.,75
316G,32,27.5 KM,3,01:15 Min.,75
316J,34,31.3 KM,3,01:25 Min.,85
316K,41,37.8 KM,3,01:30 Min.,90
316L,28,22.4 KM,3,01:10 Min.,70
316M,41,38.9 KM,3,01:45 Min.,105
316N,37,31.2 KM,3,01:25 Min.,85
316Q,42,39.1 KM,2,01:05 Min.,65
316R,45,42.8 KM,6,02:00 Min.,120
316T,40,39.2 KM,3,01:30 Min.,90
316U,41,40.2 KM,1,01:05 Min.,65
316V,29,26.9 KM,2,01:15 Min.,75
316Y,29,35.4 KM,12,01:20 Min.,80
317,32,28.4 KM,29,01:35 Min.,95
317A,34,29.8 KM,46,01:25 Min.,85
317B,30,28.5 KM,5,01:30 Min.,90
317C,37,37 KM,3,01:30 Min.,90
317D,32,28.8 KM,3,01:20 Min.,80
317E,34,31.6 KM,6,01:30 Min.,90
317G,27,28.7 KM,23,01:20 Min.,80
317J,38,40.2 KM,3,01:45 Min.,105
317K,36,34.4 KM,3,01:30 Min.,90
317M,40,36.3 KM,8,01:35 Min.,95
317MA,41,36.8 KM,2,01:35 Min.,95
317N,42,42.4 KM,2,01:55 Min.,115
317Q,45,55 KM,2,02:00 Min.,120
317R,33,34.22 KM,4,01:15 Min.,75
317S,40,37.2 KM,2,01:15 Min.,75
317SA,41,39.6 KM,3,01:45 Min.,105
317T,37,37.5 KM,2,01:30 Min.,90
317TD,37,35.3 KM,2,01:45 Min.,105
317V,40,41 KM,8,01:45 Min.,105
317W,36,33.7 KM,3,01:40 Min.,100
317Y,41,40.4 KM,3,01:45 Min.,105
317YA,43,42.5 KM,3,01:55 Min.,115
317YB,44,46.2 KM,3,02:00 Min.,120
317YD,44,43.2 KM,3,01:50 Min.,110
317YE,41,40.4 KM,3,01:45 Min.,105
317Z,41,41 KM,2,01:40 Min.,100
318,37,29 KM,9,01:20 Min.,80
318A,32,30.7 KM,5,01:30 Min.,90
318E,34,30.1 KM,4,01:30 Min.,90
319,40,31.1 KM,4,01:30 Min.,90
319C,32,24 KM,9,01:20 Min.,80
319F,28,22.1 KM,4,01:10 Min.,70
319G,31,28 KM,4,01:15 Min.,75
319J,27,23.5 KM,3,01:15 Min.,75
31A,14,10.8 KM,1,00:50 Min.,50
31B,14,9.7 KM,7,00:40 Min.,40
31E,16,11.9 KM,33,00:45 Min.,45
320,31,22.6 KM,9,01:10 Min.,70
320A,37,24.9 KM,6,01:20 Min.,80
320B,35,24 KM,4,01:10 Min.,70
320C,26,20 KM,11,01:05 Min.,65
320E,28,22.2 KM,4,01:10 Min.,70
320H,29,20 KM,3,01:15 Min.,75
320J,10,9.2 KM,17,00:30 Min.,30
321,37,29.9 KM,5,01:20 Min.,80
321A,36,25.1 KM,5,01:10 Min.,70
321C,34,26.7 KM,4,01:30 Min.,90
321D,37,30.2 KM,4,01:30 Min.,90
321E,32,28.5 KM,4,01:20 Min.,80
321G,38,31.6 KM,4,01:25 Min.,85
322,42,33.6 KM,3,01:35 Min.,95
322A,42,34.5 KM,4,01:35 Min.,95
322C,32,26 KM,3,01:15 Min.,75
322D,36,35 KM,2,01:30 Min.,90
322E,41,39 KM,2,01:00 Min.,60
322M,41,37.1 KM,4,01:40 Min.,100
323,41,38.3 KM,3,01:40 Min.,100
323A,34,28.3 KM,4,01:25 Min.,85
323B,34,32.8 KM,4,01:40 Min.,100
323C,42,39.3 KM,2,01:20 Min.,80
323D,35,33.7 KM,3,01:35 Min.,95
323E,34,29.4 KM,5,01:30 Min.,90
323F,35,31 KM,5,01:25 Min.,85
323G,33,27.3 KM,5,01:25 Min.,85
323H,29,25.3 KM,5,01:25 Min.,85
323J,32,31.9 KM,4,01:30 Min.,90
323L,30,27.3 KM,5,01:25 Min.,85
323M,31,31.9 KM,3,01:30 Min.,90
323N,33,29.6 KM,1,01:30 Min.,90
324,30,25 KM,5,01:15 Min.,75
324A,31,28.1 KM,4,01:25 Min.,85
324B,31,26.2 KM,4,01:10 Min.,70
324C,28,25.2 KM,4,01:05 Min.,65
324D,28,23.4 KM,5,01:10 Min.,70
324E,30,22.5 KM,4,01:10 Min.,70
325,30,29.8 KM,7,01:20 Min.,80
325A,31,29.8 KM,3,01:25 Min.,85
326C,33,27.5 KM,19,01:20 Min.,80
326E,47,34.9 KM,10,01:35 Min.,95
327,30,24 KM,16,01:15 Min.,75
327A,35,30 KM,4,01:30 Min.,90
327B,32,28 KM,3,01:20 Min.,80
327C,46,44.4 KM,6,02:00 Min.,120
327D,29,27.7 KM,5,01:20 Min.,80
327E,31,26.7 KM,5,01:25 Min.,85
327F,31,28.3 KM,4,01:30 Min.,90
327G,36,37.3 KM,3,01:45 Min.,105
327H,35,33.8 KM,2,01:35 Min.,95
327K,38,38 KM,2,00:40 Min.,40
328,27,21.5 KM,3,01:20 Min.,80
328B,27,32.6 KM,49,01:40 Min.,100
328C,25,16.6 KM,8,00:45 Min.,45
328E,30,28.5 KM,4,01:25 Min.,85
328F,31,28.4 KM,1,01:20 Min.,80
328G,30,26.7 KM,3,01:25 Min.,85
328H,36,40 KM,20,01:50 Min.,110
328HA,41,29 KM,7,01:25 Min.,85
328HB,43,36.1 KM,8,01:45 Min.,105
328M,30,24.5 KM,3,01:15 Min.,75
329,34,26.3 KM,5,01:20 Min.,80
329A,33,28.8 KM,5,01:15 Min.,75
329B,35,28.5 KM,4,01:20 Min.,80
329C,33,26 KM,4,01:30 Min.,90
329E,35,28.5 KM,4,01:20 Min.,80
329F,36,34.3 KM,3,01:35 Min.,95
329G,31,23.9 KM,5,01:10 Min.,70
329H,34,29.5 KM,3,01:25 Min.,85
329J,31,28.2 KM,2,01:20 Min.,80
329L,18,17.5 KM,5,00:50 Min.,50
329M,17,15.3 KM,6,00:40 Min.,40
33,21,12.9 KM,4,00:45 Min.,45
330,16,14 KM,16,01:20 Min.,80
330B,19,16 KM,7,00:50 Min.,50
330C,13,13.1 KM,14,01:40 Min.,100
330D,20,17.5 KM,7,00:55 Min.,55
330E,18,17.5 KM,6,00:55 Min.,55
330G,16,14.8 KM,11,00:55 Min.,55
330H,18,16.7 KM,6,00:50 Min.,50
330M,17,13.8 KM,7,00:45 Min.,45
330P,20,19.2 KM,4,01:05 Min.,65
331,28,39 KM,9,01:10 Min.,70
331B,24,20.5 KM,11,01:10 Min.,70
331E,30,26.4 KM,4,01:20 Min.,80
332,27,23.5 KM,5,01:15 Min.,75
333,21,18.5 KM,2,01:35 Min.,95
333B,24,19.6 KM,12,01:10 Min.,70
333C,18,16 KM,16,00:50 Min.,50
333D,22,19.4 KM,11,01:00 Min.,60
333E,34,34.2 KM,34,01:25 Min.,85
333F,21,18 KM,21,00:55 Min.,55
333G,31,24.9 KM,4,01:15 Min.,75
333J,16,14 KM,5,00:50 Min.,50
333K,30,25.1 KM,4,01:10 Min.,70
333L,46,35.3 KM,1,02:50 Min.,170
333N,27,24.4 KM,5,01:10 Min.,70
333Q,25,21.9 KM,4,01:00 Min.,60
334B,14,14.1 KM,7,00:45 Min.,45
334E,38,27.4 KM,30,01:35 Min.,95
335,31,22.5 KM,6,01:10 Min.,70
335AA,32,33 KM,14,01:25 Min.,85
335B,17,14.5 KM,7,00:50 Min.,50
335C,16,14.1 KM,8,00:45 Min.,45
335F,18,14.5 KM,6,00:50 Min.,50
335H,26,15 KM,44,00:55 Min.,55
335HD,25,18 KM,5,00:55 Min.,55
335K,46,32.7 KM,1,01:40 Min.,100
336,22,20.9 KM,13,01:05 Min.,65
336A,21,17.8 KM,3,01:00 Min.,60
336B,22,18.8 KM,6,00:55 Min.,55
337,21,16.5 KM,6,01:05 Min.,65
338,22,18.4 KM,6,00:50 Min.,50
339E,33,27.6 KM,4,01:20 Min.,80
34,23,13.8 KM,5,00:55 Min.,55
340,24,19.6 KM,3,01:00 Min.,60
340A,24,18 KM,32,01:00 Min.,60
340D,27,37.9 KM,2,01:45 Min.,105
340F,22,16.7 KM,1,01:00 Min.,60
340J,26,23.3 KM,5,01:20 Min.,80
340K,23,19 KM,5,01:00 Min.,60
340L,32,25.3 KM,4,01:35 Min.,95
340S,22,17.2 KM,10,01:00 Min.,60
341,22,14.9 KM,8,01:20 Min.,80
341A,21,15.5 KM,8,00:45 Min.,45
341B,25,17.2 KM,7,01:10 Min.,70
341C,25,19.8 KM,8,01:05 Min.,65
341E,25,18 KM,6,01:00 Min.,60
342,27,32.5 KM,6,01:15 Min.,75
342A,37,29 KM,5,01:15 Min.,75
342AA,29,26.2 KM,3,01:15 Min.,75
342B,35,29.5 KM,3,01:15 Min.,75
342C,28,23.5 KM,4,01:00 Min.,60
342D,28,29.29 KM,5,01:15 Min.,75
342E,34,34.45 KM,4,01:20 Min.,80
342F,37,31.6 KM,12,01:45 Min.,105
342G,35,34.4 KM,3,01:25 Min.,85
342H,25,26.32 KM,5,01:10 Min.,70
342J,29,27.4 KM,5,01:15 Min.,75
342JB,28,28.9 KM,3,01:25 Min.,85
342K,36,34.7 KM,7,01:30 Min.,90
342L,37,32.9 KM,3,01:40 Min.,100
342M,36,46.5 KM,5,01:55 Min.,115
342MA,47,45.69 KM,3,01:50 Min.,110
342N,29,28.3 KM,4,01:20 Min.,80
342Q,25,21 KM,4,01:10 Min.,70
342R,38,37.08 KM,3,01:25 Min.,85
342T,35,33.8 KM,3,01:35 Min.,95
342U,40,36.2 KM,2,01:30 Min.,90
342V,45,36.9 KM,3,01:35 Min.,95
342VA,41,34.5 KM,4,01:35 Min.,95
342W,37,33.4 KM,3,01:30 Min.,90
342WA,35,34 KM,1,01:35 Min.,95
342X,34,26 KM,4,01:15 Min.,75
342Y,44,37.9 KM,3,01:40 Min.,100
342Z,36,34.5 KM,4,01:40 Min.,100
343,21,13.8 KM,27,01:20 Min.,80
343A,35,25.5 KM,2,01:15 Min.,75
343B,27,20.49 KM,6,00:50 Min.,50
343D,20,12.8 KM,10,00:55 Min.,55
343E,28,16.7 KM,16,01:30 Min.,90
343F,17,12.4 KM,5,00:50 Min.,50
343H,19,12.8 KM,12,00:45 Min.,45
343L,26,16.5 KM,7,00:55 Min.,55
343M,22,17.6 KM,4,01:00 Min.,60
344A,31,30 KM,6,01:30 Min.,90
344B,33,25.8 KM,4,01:15 Min.,75
344C,29,25 KM,11,01:15 Min.,75
344D,28,19.3 KM,5,01:40 Min.,100
344E,49,39.4 KM,3,01:50 Min.,110
345,34,25.2 KM,8,01:25 Min.,85
345A,36,27.2 KM,2,01:20 Min.,80
345C,33,28.2 KM,3,01:25 Min.,85
345E,34,29.8 KM,2,01:40 Min.,100
346,28,23.6 KM,3,01:15 Min.,75
346A,27,21.4 KM,5,01:20 Min.,80
346B,23,18 KM,5,01:00 Min.,60
346C,26,22.3 KM,5,01:05 Min.,65
346CA,13,13.8 KM,6,00:45 Min.,45
346D,24,19.2 KM,5,01:05 Min.,65
346E,23,18.6 KM,6,01:10 Min.,70
346F,34,31.5 KM,4,01:30 Min.,90
346G,22,19 KM,2,01:05 Min.,65
346H,26,25.7 KM,5,01:05 Min.,65
346J,22,17.1 KM,6,00:55 Min.,55
346K,29,27 KM,3,01:20 Min.,80
346M,27,22.6 KM,2,01:10 Min.,70
346P,25,21.8 KM,4,01:10 Min.,70
346T,23,24 KM,4,01:05 Min.,65
346V,26,21.5 KM,4,01:05 Min.,65
347,21,14 KM,7,01:00 Min.,60
347A,23,17.5 KM,5,01:00 Min.,60
347B,23,15.9 KM,5,00:50 Min.,50
347C,19,17.5 KM,2,01:05 Min.,65
347D,20,16.9 KM,6,00:55 Min.,55
347E,23,17.5 KM,6,00:55 Min.,55
347F,26,20.3 KM,8,01:10 Min.,70
347G,22,16.5 KM,1,01:00 Min.,60
347K,21,15 KM,5,01:00 Min.,60
347M,23,18.3 KM,5,01:00 Min.,60
348A,23,16.7 KM,7,00:55 Min.,55
348B,25,20.5 KM,2,01:15 Min.,75
348C,26,18.2 KM,6,00:55 Min.,55
348F,25,18 KM,4,00:50 Min.,50
348G,25,17 KM,6,00:55 Min.,55
348H,25,17.6 KM,5,01:00 Min.,60
348J,23,17.8 KM,5,00:50 Min.,50
348L,18,17 KM,4,00:55 Min.,55
349,30,24.1 KM,4,01:10 Min.,70
349A,32,33.5 KM,4,01:25 Min.,85
349B,30,25.1 KM,4,01:15 Min.,75
349C,32,27 KM,3,01:20 Min.,80
349D,30,25.6 KM,5,01:10 Min.,70
349E,31,25.7 KM,5,01:20 Min.,80
349F,34,30.5 KM,3,01:40 Min.,100
349J,29,30.1 KM,3,01:20 Min.,80
349K,27,24.9 KM,3,01:30 Min.,90
349M,32,26.8 KM,1,01:15 Min.,75
34A,22,13 KM,5,00:40 Min.,40
34B,20,11.3 KM,6,01:00 Min.,60
34C,27,13.6 KM,5,00:50 Min.,50
34F,28,11.3 KM,6,00:50 Min.,50
34S,27,15.4 KM,5,01:00 Min.,60
35,12,9.2 KM,21,00:35 Min.,35
350,36,31.8 KM,3,01:25 Min.,85
350A,31,32.13 KM,4,01:15 Min.,75
350B,36,29.9 KM,4,01:30 Min.,90
350G,29,24.3 KM,4,01:20 Min.,80
350H,29,23 KM,4,01:10 Min.,70
351,35,29 KM,4,01:20 Min.,80
351A,37,31 KM,3,01:25 Min.,85
351C,34,28.5 KM,2,01:15 Min.,75
351H,35,30.4 KM,3,01:25 Min.,85
351J,41,39 KM,4,01:40 Min.,100
352,37,27.8 KM,4,01:20 Min.,80
352A,37,33.5 KM,4,01:25 Min.,85
352E,38,28.8 KM,4,01:20 Min.,80
353,34,28.7 KM,3,01:20 Min.,80
353A,38,30.8 KM,4,01:20 Min.,80
353B,20,12.3 KM,2,01:00 Min.,60
353C,44,38 KM,3,01:45 Min.,105
353E,36,29.8 KM,4,01:20 Min.,80
354,36,34 KM,3,01:25 Min.,85
354A,31,31.2 KM,4,01:30 Min.,90
354B,36,35.2 KM,4,01:40 Min.,100
354C,38,34.8 KM,4,01:25 Min.,85
355A,35,27.5 KM,3,01:20 Min.,80
355D,41,58.08 KM,2,01:45 Min.,105
355E,38,34.7 KM,3,01:40 Min.,100
355Q,43,38.5 KM,2,01:50 Min.,110
356A,39,38.5 KM,3,01:35 Min.,95
356B,37,34.3 KM,2,01:30 Min.,90
356CB,28,23.5 KM,4,01:15 Min.,75
356CW,16,15 KM,95,00:25 Min.,25
356D,31,27.9 KM,5,01:15 Min.,75
356E,35,30.9 KM,4,01:15 Min.,75
356F,35,29.7 KM,2,01:25 Min.,85
356H,36,31.5 KM,4,01:40 Min.,100
356J,49,53.2 KM,4,02:40 Min.,160
356K,35,40.41 KM,4,01:25 Min.,85
356M,45,39.5 KM,38,01:55 Min.,115
356Z,12,11.6 KM,13,01:55 Min.,115
356ZA,13,11.6 KM,2,00:30 Min.,30
357,33,29.6 KM,3,01:15 Min.,75
357A,37,43.98 KM,4,01:20 Min.,80
358,38,35 KM,6,01:45 Min.,105
358A,45,45.6 KM,3,01:55 Min.,115
359A,41,35.7 KM,2,01:40 Min.,100
36,14,10.9 KM,39,00:40 Min.,40
360C,38,37 KM,3,01:45 Min.,105
360D,37,35.2 KM,4,01:40 Min.,100
360E,40,37.5 KM,3,01:40 Min.,100
360H,41,37.8 KM,3,01:50 Min.,110
360J,44,41.9 KM,3,01:45 Min.,105
360K,39,35.8 KM,23,01:45 Min.,105
360M,37,37.8 KM,2,01:45 Min.,105
360N,42,40 KM,3,01:30 Min.,90
360P,41,38.8 KM,3,01:40 Min.,100
360Q,39,37.1 KM,3,01:35 Min.,95
361,37,33.3 KM,6,01:25 Min.,85
361A,37,33.9 KM,3,01:25 Min.,85
361C,42,38 KM,44,01:55 Min.,115
361K,35,29 KM,3,01:35 Min.,95
362,20,16.2 KM,6,01:00 Min.,60
362C,23,14.5 KM,48,01:00 Min.,60
362F,25,23.8 KM,1,01:30 Min.,90
362K,32,34.7 KM,2,01:45 Min.,105
362S,41,36.9 KM,3,01:30 Min.,90
363A,2,16.1 KM,5,00:55 Min.,55
364,24,13.9 KM,11,00:55 Min.,55
364A,22,16.72 KM,18,01:00 Min.,60
364B,25,17.8 KM,19,01:00 Min.,60
364C,23,16.9 KM,5,01:20 Min.,80
364D,32,17.5 KM,6,00:55 Min.,55
364F,26,19.2 KM,15,01:05 Min.,65
364G,24,17.2 KM,8,01:00 Min.,60
365,38,31 KM,26,01:25 Min.,85
365B,34,26.4 KM,5,01:30 Min.,90
365C,41,29.1 KM,3,01:20 Min.,80
365D,33,22.5 KM,35,01:25 Min.,85
365E,34,26 KM,11,01:15 Min.,75
365F,51,35.5 KM,4,01:30 Min.,90
365J,42,32.9 KM,3,01:20 Min.,80
365K,33,20.7 KM,4,01:05 Min.,65
365M,60,42 KM,2,01:55 Min.,115
365N,49,33.8 KM,7,01:30 Min.,90
365P,59,41.4 KM,28,02:00 Min.,120
365Q,49,33.5 KM,3,01:30 Min.,90
365R,29,20.8 KM,4,01:10 Min.,70
365W,47,33.5 KM,4,01:35 Min.,95
366,34,21.5 KM,9,01:30 Min.,90
366A,19,16.8 KM,33,00:45 Min.,45
366AB,19,12.5 KM,7,00:45 Min.,45
366B,44,29.7 KM,3,01:15 Min.,75
366BA,45,31.9 KM,3,01:30 Min.,90
366C,30,20.9 KM,8,01:15 Min.,75
366D,40,27.6 KM,4,01:20 Min.,80
366F,49,36 KM,3,01:30 Min.,90
366G,29,18.4 KM,28,01:10 Min.,70
366H,43,27 KM,3,01:20 Min.,80
366KA,47,33.66 KM,3,01:40 Min.,100
366L,39,26.8 KM,5,01:15 Min.,75
366M,32,28 KM,8,01:10 Min.,70
366MA,40,33.24 KM,4,01:25 Min.,85
366N,45,31.5 KM,6,01:20 Min.,80
366P,68,43.6 KM,2,02:10 Min.,130
366Q,45,31.5 KM,5,01:20 Min.,80
366QA,46,32.8 KM,3,00:25 Min.,25
366R,43,30.1 KM,8,01:30 Min.,90
366T,46,34.9 KM,3,01:30 Min.,90
366V,45,34 KM,3,01:30 Min.,90
366W,42,30.2 KM,4,01:30 Min.,90
366X,53,43.7 KM,3,01:10 Min.,70
366Z,52,39.4 KM,27,02:15 Min.,135
367,30,23.76 KM,5,01:15 Min.,75
367C,28,19.1 KM,10,01:00 Min.,60
367CA,28,21.9 KM,5,01:10 Min.,70
367D,27,19.8 KM,5,01:00 Min.,60
367F,32,20 KM,5,01:10 Min.,70
368,32,23.5 KM,12,01:15 Min.,75
368D,23,15.2 KM,5,00:50 Min.,50
368F,23,19.5 KM,5,01:00 Min.,60
369,23,17.28 KM,19,00:45 Min.,45
369B,21,12.5 KM,15,00:45 Min.,45
369C,24,16.3 KM,23,00:55 Min.,55
369D,22,17 KM,12,00:55 Min.,55
369E,23,15.1 KM,19,00:50 Min.,50
369F,28,21 KM,8,01:10 Min.,70
369G,27,19.8 KM,2,01:05 Min.,65
369H,21,15.07 KM,4,00:50 Min.,50
369J,30,23.5 KM,5,01:15 Min.,75
369M,32,16.3 KM,5,00:55 Min.,55
369N,25,15.8 KM,17,00:55 Min.,55
369P,25,20.91 KM,2,01:30 Min.,90
369Q,17,11.2 KM,6,00:40 Min.,40
36A,19,12.2 KM,13,01:00 Min.,60
36B,20,13 KM,20,00:45 Min.,45
36D,17,12.6 KM,15,00:45 Min.,45
36F,19,12.3 KM,18,00:45 Min.,45
36G,20,11.7 KM,16,01:10 Min.,70
37,19,9.5 KM,25,00:40 Min.,40
370,40,32.6 KM,3,01:25 Min.,85
370A,43,37.6 KM,3,01:50 Min.,110
370B,39,33.7 KM,3,01:30 Min.,90
371A,40,32.9 KM,3,01:35 Min.,95
371D,44,35 KM,3,01:30 Min.,90
372,53,37.5 KM,4,01:55 Min.,115
372A,52,40 KM,3,01:45 Min.,105
372B,46,33 KM,4,01:30 Min.,90
372C,38,25 KM,4,01:15 Min.,75
372E,54,41.5 KM,2,01:45 Min.,105
372F,42,29.8 KM,4,01:25 Min.,85
372G,51,36.4 KM,3,01:40 Min.,100
372H,33,23.58 KM,1,01:10 Min.,70
372J,47,33 KM,3,01:30 Min.,90
372M,54,42.4 KM,2,01:50 Min.,110
373M,50,42.8 KM,5,02:00 Min.,120
374,15,10 KM,9,00:35 Min.,35
374C,27,25.9 KM,3,01:15 Min.,75
374F,38,21.5 KM,2,01:10 Min.,70
374K,33,17.7 KM,5,01:00 Min.,60
374M,38,37 KM,7,01:45 Min.,105
374MA,38,36 KM,4,01:30 Min.,90
374N,2,16 KM,10,00:40 Min.,40
375,30,20.6 KM,24,01:00 Min.,60
375B,43,23.7 KM,7,01:25 Min.,85
375D,19,11.82 KM,12,01:00 Min.,60
375J,37,36.1 KM,2,01:35 Min.,95
377,52,55.5 KM,4,02:30 Min.,150
377A,39,45 KM,3,02:00 Min.,120
377B,43,39.9 KM,2,01:40 Min.,100
378,39,34.5 KM,76,01:40 Min.,100
378A,45,30.8 KM,4,01:40 Min.,100
378D,39,37.6 KM,9,01:30 Min.,90
378F,47,37.5 KM,3,01:40 Min.,100
378G,2,36.2 KM,7,01:30 Min.,90
378H,2,22 KM,6,01:05 Min.,65
378M,35,27.4 KM,3,01:20 Min.,80
37A,21,11.5 KM,8,00:40 Min.,40
37B,23,12.4 KM,2,00:50 Min.,50
37D,15,9.33 KM,3,00:35 Min.,35
37E,22,11.2 KM,15,00:45 Min.,45
37F,23,11.6 KM,7,00:45 Min.,45
380,33,34.1 KM,4,01:30 Min.,90
380B,37,40 KM,3,01:45 Min.,105
380C,34,35.5 KM,6,01:40 Min.,100
380E,34,37 KM,5,01:40 Min.,100
380F,35,38.2 KM,3,01:30 Min.,90
380G,33,31 KM,3,01:25 Min.,85
380H,34,35.4 KM,3,01:40 Min.,100
380M,40,27 KM,4,01:10 Min.,70
380N,38,46.7 KM,3,02:00 Min.,120
381,40,36.2 KM,3,01:40 Min.,100
381C,11,32 KM,26,01:20 Min.,80
381D,40,38.9 KM,2,01:45 Min.,105
381E,41,41.8 KM,4,01:40 Min.,100
381F,40,38 KM,2,01:40 Min.,100
381G,39,35.5 KM,3,01:40 Min.,100
381H,36,52.1 KM,3,01:50 Min.,110
381J,39,46.8 KM,2,01:50 Min.,110
381K,36,51.1 KM,2,02:00 Min.,120
382,37,31.4 KM,3,01:30 Min.,90
382A,43,48 KM,3,02:25 Min.,145
382B,40,39 KM,3,01:35 Min.,95
382C,42,43.5 KM,2,01:45 Min.,105
382D,42,40.1 KM,1,01:45 Min.,105
382M,47,56.1 KM,2,02:10 Min.,130
383,39,37.5 KM,3,01:45 Min.,105
383A,38,39 KM,2,01:35 Min.,95
383B,41,39.9 KM,2,01:45 Min.,105
383C,44,44.9 KM,1,01:45 Min.,105
383D,42,41.6 KM,2,01:55 Min.,115
390,25,27.4 KM,5,01:10 Min.,70
398B,24,30.2 KM,4,01:25 Min.,85
398H,69,65 KM,4,02:40 Min.,160
399,37,44.1 KM,5,01:50 Min.,110
399A,29,39.5 KM,12,01:40 Min.,100
399C,21,34.5 KM,10,01:30 Min.,90
399D,29,31.5 KM,1,01:30 Min.,90
399E,32,39.2 KM,3,01:50 Min.,110
399F,43,55 KM,6,02:25 Min.,145
3F-1,26,22.6 KM,23,00:55 Min.,55
3F-2,12,18.9 KM,24,00:55 Min.,55
3F-3,18,21.5 KM,23,00:55 Min.,55
3F-4,12,19 KM,24,00:55 Min.,55
3F-5,23,21.9 KM,23,00:55 Min.,55
3F-6,21,19.5 KM,21,00:55 Min.,55
3F-7,11,14.8 KM,22,00:40 Min.,40
400,12,14.96 KM,8,00:45 Min.,45
400A,13,12.2 KM,5,00:40 Min.,40
401,25,18.8 KM,73,01:30 Min.,90
401A,29,19.7 KM,41,01:10 Min.,70
401AB,32,24.5 KM,5,01:00 Min.,60
401AC,52,41 KM,3,01:35 Min.,95
401AE,43,30.7 KM,4,01:20 Min.,80
401AG,44,29.5 KM,3,01:35 Min.,95
401B,46,30.5 KM,38,01:55 Min.,115
401BA,59,42.5 KM,4,01:00 Min.,60
401BC,43,24.1 KM,5,01:15 Min.,75
401BR,28,18.7 KM,26,01:05 Min.,65
401E,49,32 KM,10,02:30 Min.,150
401G,43,25.5 KM,8,01:20 Min.,80
401H,46,27.2 KM,3,01:25 Min.,85
401J,44,40.2 KM,1,01:45 Min.,105
401JA,38,33.4 KM,4,01:25 Min.,85
401JC,41,33.2 KM,4,01:25 Min.,85
401K,68,37.7 KM,68,02:00 Min.,120
401KA,64,34 KM,3,01:55 Min.,115
401KB,40,19.7 KM,38,01:05 Min.,65
401KC,45,24 KM,6,01:10 Min.,70
401M,37,19.5 KM,129,01:10 Min.,70
401MA,41,24 KM,7,01:10 Min.,70
401MC,41,24.2 KM,12,01:20 Min.,80
401MD,41,22.5 KM,4,01:15 Min.,75
401MK,8,36 KM,9,01:50 Min.,110
401N,46,29.3 KM,12,01:50 Min.,110
401Q,46,27.69 KM,4,01:30 Min.,90
401R,59,34.5 KM,24,02:00 Min.,120
401RA,62,37 KM,2,02:00 Min.,120
401RB,57,38.15 KM,3,01:45 Min.,105
401RC,38,24.1 KM,15,01:20 Min.,80
401RD,36,28 KM,14,01:40 Min.,100
401RE,30,16.5 KM,12,01:00 Min.,60
401T,57,38.8 KM,2,01:55 Min.,115
401W,24,16.58 KM,6,00:55 Min.,55
401X,51,39.5 KM,5,02:00 Min.,120
401Y,40,32.3 KM,4,01:25 Min.,85
401Z,45,38 KM,3,01:45 Min.,105
402,29,22.3 KM,10,01:05 Min.,65
402A,29,23.4 KM,6,01:00 Min.,60
402B,25,19.7 KM,32,01:00 Min.,60
402C,25,19.1 KM,7,00:55 Min.,55
402D,26,19.7 KM,37,00:55 Min.,55
402M,45,34.7 KM,3,01:45 Min.,105
402N,25,20.2 KM,7,00:50 Min.,50
403A,31,21.1 KM,6,01:00 Min.,60
403B,24,17.3 KM,2,00:50 Min.,50
404,41,26.7 KM,2,01:20 Min.,80
404C,32,20.3 KM,9,01:00 Min.,60
404E,31,20.1 KM,7,01:00 Min.,60
404J,36,22.9 KM,4,01:10 Min.,70
406,50,57.5 KM,5,02:35 Min.,155
407,42,37.5 KM,15,01:35 Min.,95
407B,62,56.4 KM,4,02:40 Min.,160
407C,62,56.1 KM,2,02:40 Min.,160
407D,67,64.5 KM,2,00:55 Min.,55
408,33,24.2 KM,10,01:25 Min.,85
409A,74,81.3 KM,2,03:00 Min.,180
410,52,30.3 KM,39,02:00 Min.,120
410A,24,15.8 KM,6,01:00 Min.,60
410C,29,16.4 KM,6,01:10 Min.,70
410D,48,36.1 KM,2,02:00 Min.,120
410E,42,33.7 KM,7,01:05 Min.,65
410F,35,22 KM,30,01:05 Min.,65
410G,25,16 KM,10,01:00 Min.,60
410M,35,22 KM,17,01:15 Min.,75
411,2,20.6 KM,4,01:10 Min.,70
411B,59,39.3 KM,1,01:45 Min.,105
411G,28,25.3 KM,4,01:10 Min.,70
411J,70,49.6 KM,2,02:30 Min.,150
412,48,30.6 KM,17,01:35 Min.,95
412A,25,13.3 KM,6,00:45 Min.,45
414,36,27 KM,8,01:50 Min.,110
415,17,10.1 KM,44,00:40 Min.,40
415A,17,13 KM,18,00:45 Min.,45
415B,21,13.3 KM,22,00:45 Min.,45
415C,15,11 KM,7,00:35 Min.,35
415D,19,14.6 KM,7,00:50 Min.,50
415E,22,17.5 KM,5,00:55 Min.,55
415F,24,13.1 KM,16,00:45 Min.,45
415G,20,13.91 KM,8,00:45 Min.,45
415H,18,16.6 KM,8,01:15 Min.,75
415J,18,10.1 KM,9,00:40 Min.,40
43,17,15 KM,8,00:45 Min.,45
43A,19,12.9 KM,19,00:45 Min.,45
43B,21,13.2 KM,35,01:00 Min.,60
43C,25,16.5 KM,11,00:55 Min.,55
43D,22,13.7 KM,4,00:50 Min.,50
43E,20,12.2 KM,29,00:45 Min.,45
43G,16,10.9 KM,10,00:35 Min.,35
43H,24,13.4 KM,10,01:00 Min.,60
43J,27,14.9 KM,7,00:45 Min.,45
43M,27,15.8 KM,5,01:00 Min.,60
44,32,18.6 KM,5,01:10 Min.,70
45,20,9.2 KM,10,00:40 Min.,40
45B,23,13.2 KM,29,00:55 Min.,55
45D,23,15.6 KM,66,01:00 Min.,60
45E,24,14.4 KM,23,00:50 Min.,50
45F,23,13.4 KM,16,00:50 Min.,50
45J,24,15.6 KM,8,01:05 Min.,65
45K,23,13.7 KM,5,00:50 Min.,50
47,32,22.24 KM,3,01:25 Min.,85
49,11,8.9 KM,11,00:30 Min.,30
49A,17,10.9 KM,14,00:35 Min.,35
50,13,12 KM,7,00:45 Min.,45
500,110,76 KM,19,03:30 Min.,210
500A,46,37.8 KM,58,01:45 Min.,105
500AA,37,29.2 KM,13,02:00 Min.,120
500AB,46,38 KM,17,01:45 Min.,105
500B,44,30.2 KM,2,01:20 Min.,80
500BA,16,26.2 KM,6,01:20 Min.,80
500C,33,24.1 KM,28,01:15 Min.,75
500CA,41,25.2 KM,22,01:25 Min.,85
500D,37,30.2 KM,88,01:40 Min.,100
500DA,62,52.16 KM,1,01:30 Min.,90
500DC,53,44.4 KM,10,02:05 Min.,125
500F,29,24 KM,20,01:30 Min.,90
500G,41,34.9 KM,35,01:35 Min.,95
500H,49,40.1 KM,12,01:55 Min.,115
500L,33,24.8 KM,29,01:55 Min.,115
500Q,22,22 KM,44,01:00 Min.,60
500QK,34,29 KM,42,01:30 Min.,90
500R,29,24.5 KM,5,01:20 Min.,80
500T,22,18.8 KM,24,00:55 Min.,55
500TA,27,22.5 KM,4,01:05 Min.,65
501,110,76 KM,13,03:30 Min.,210
501A,66,76 KM,35,02:00 Min.,120
501B,111,76 KM,8,03:30 Min.,210
501C,40,24 KM,54,01:20 Min.,80
501F,30,16.1 KM,25,01:00 Min.,60
501GA,2,22.5 KM,27,01:15 Min.,75
501KS,16,10.5 KM,26,00:35 Min.,35
501L,35,26 KM,3,01:20 Min.,80
501N,41,36 KM,4,01:30 Min.,90
502,72,50.3 KM,7,02:15 Min.,135
502A,62,43.2 KM,7,02:05 Min.,125
502B,31,31.14 KM,4,01:10 Min.,70
502D,55,36.8 KM,11,01:40 Min.,100
502E,20,13.2 KM,101,00:45 Min.,45
502F,38,20.7 KM,24,01:00 Min.,60
502H,47,26 KM,61,01:20 Min.,80
502HA,47,27.3 KM,4,01:20 Min.,80
502HB,48,26 KM,4,01:15 Min.,75
502HC,58,34 KM,5,01:45 Min.,105
502J,36,23.3 KM,18,01:15 Min.,75
502K,2,34 KM,15,01:30 Min.,90
502M,41,32 KM,3,01:15 Min.,75
502V,48,28.5 KM,13,01:25 Min.,85
503,37,28.34 KM,7,01:20 Min.,80
504B,22,19.4 KM,10,01:00 Min.,60
504C,30,25.8 KM,9,01:10 Min.,70
504D,14,18 KM,9,01:15 Min.,75
504E,21,13.8 KM,8,00:45 Min.,45
505E,31,29.9 KM,48,01:10 Min.,70
506,53,42.7 KM,1,01:40 Min.,100
506A,37,31.8 KM,3,01:30 Min.,90
507,49,28 KM,22,01:25 Min.,85
507A,2,31.2 KM,32,01:25 Min.,85
507B,16,31 KM,15,01:35 Min.,95
50A,14,9.4 KM,2,00:45 Min.,45
510A,2,27.6 KM,36,01:35 Min.,95
52,19,13.6 KM,11,01:00 Min.,60
52E,20,14.4 KM,19,01:00 Min.,60
54E,9,8.5 KM,9,00:15 Min.,15
55B,7,4.1 KM,31,00:20 Min.,20
56,10,7.9 KM,20,00:35 Min.,35
58,11,9.4 KM,4,00:45 Min.,45
59A,15,8.5 KM,2,00:50 Min.,50
59B,12,7.86 KM,4,00:30 Min.,30
59D,21,13 KM,7,00:50 Min.,50
59F,17,9.5 KM,2,00:35 Min.,35
600,158,117 KM,16,05:15 Min.,315
600A,39,31.1 KM,2,01:30 Min.,90
600C,27,20.5 KM,48,01:30 Min.,90
600CA,36,32.1 KM,15,01:25 Min.,85
600CF,11,19.2 KM,45,00:55 Min.,55
60A,23,14.5 KM,27,01:00 Min.,60
60B,37,19.2 KM,3,00:50 Min.,50
60C,35,18 KM,2,02:00 Min.,120
60E,28,16.4 KM,24,01:00 Min.,60
60F,33,17.1 KM,4,01:05 Min.,65
60J,37,20.4 KM,2,01:20 Min.,80
60L,30,16.5 KM,4,01:15 Min.,75
61,12,6.2 KM,3,01:00 Min.,60
61A,15,9.3 KM,14,01:30 Min.,90
61B,13,11.6 KM,6,00:35 Min.,35
61C,14,8.8 KM,18,00:35 Min.,35
61E,11,6.7 KM,13,00:45 Min.,45
61F,14,7.9 KM,20,00:35 Min.,35
61G,17,13.6 KM,10,00:35 Min.,35
61J,19,9.6 KM,39,00:40 Min.,40
61M,18,9.6 KM,18,00:40 Min.,40
63,27,14.6 KM,4,01:00 Min.,60
63B,30,15.5 KM,6,00:55 Min.,55
63E,30,16.63 KM,8,01:15 Min.,75
65B,29,19.2 KM,12,01:40 Min.,100
68,23,13.2 KM,5,00:50 Min.,50
74,21,10.7 KM,12,01:35 Min.,95
75B,22,12 KM,13,00:50 Min.,50
75C,26,14.3 KM,3,00:40 Min.,40
75D,34,18.8 KM,5,01:15 Min.,75
75E,22,10.9 KM,8,01:15 Min.,75
75H,22,12.4 KM,5,00:50 Min.,50
77,23,12.01 KM,6,00:50 Min.,50
77B,27,13.5 KM,27,00:55 Min.,55
77C,30,15.5 KM,10,00:55 Min.,55
77D,30,14.6 KM,5,01:00 Min.,60
77E,25,14.6 KM,31,01:05 Min.,65
77F,29,16.9 KM,9,00:55 Min.,55
78,11,8.2 KM,4,01:00 Min.,60
78A,13,6.6 KM,2,00:25 Min.,25
79A,21,12.5 KM,4,00:30 Min.,30
79B,12,8.5 KM,10,00:25 Min.,25
79D,22,16.7 KM,22,00:50 Min.,50
79E,24,12.8 KM,17,00:55 Min.,55
79F,28,14.8 KM,6,00:50 Min.,50
79G,29,15.6 KM,11,01:00 Min.,60
79H,29,15.5 KM,3,01:00 Min.,60
79J,18,11.5 KM,4,00:30 Min.,30
79K,19,12.5 KM,7,00:50 Min.,50
7D,33,16.4 KM,7,01:00 Min.,60
7E,32,18.9 KM,1,00:40 Min.,40
7F,38,18.9 KM,1,01:00 Min.,60
80,14,7.2 KM,47,00:35 Min.,35
80A,16,9 KM,58,01:15 Min.,75
80B,18,9.1 KM,9,00:40 Min.,40
80C,20,13 KM,9,00:50 Min.,50
80D,19,9.6 KM,6,00:40 Min.,40
80E,16,12.5 KM,16,00:50 Min.,50
80F,20,10.5 KM,30,00:45 Min.,45
80G,21,13.5 KM,28,00:45 Min.,45
80H,16,10.4 KM,16,00:40 Min.,40
80K,19,10.5 KM,8,00:40 Min.,40
80L,19,12.5 KM,9,00:40 Min.,40
80R,18,10.2 KM,34,00:40 Min.,40
82,22,14.5 KM,26,01:00 Min.,60
82A,21,14.5 KM,23,00:55 Min.,55
82AR,6,8.5 KM,38,00:35 Min.,35
82B,12,7 KM,9,00:30 Min.,30
82C,14,7.6 KM,3,00:55 Min.,55
83,10,8.3 KM,8,00:30 Min.,30
83C,11,7.2 KM,12,00:30 Min.,30
83D,10,7.8 KM,15,00:40 Min.,40
84,25,13.8 KM,2,00:30 Min.,30
86,11,6.5 KM,6,00:30 Min.,30
86E,26,17.6 KM,3,01:40 Min.,100
87,14,7.1 KM,40,00:35 Min.,35
87A,14,12.8 KM,19,00:35 Min.,35
87B,20,10.2 KM,10,00:35 Min.,35
87C,14,7.8 KM,9,00:30 Min.,30
87S,18,12.8 KM,6,01:00 Min.,60
88,10,9.5 KM,11,00:30 Min.,30
88A,10,6.5 KM,53,00:30 Min.,30
88E,16,10.1 KM,7,00:40 Min.,40
89,14,8.2 KM,36,00:40 Min.,40
89A,12,7.9 KM,27,00:30 Min.,30
89B,14,8.2 KM,10,00:30 Min.,30
89C,11,8.2 KM,13,00:35 Min.,35
89D,12,8.8 KM,16,00:35 Min.,35
89E,15,8.8 KM,27,00:35 Min.,35
89F,13,7.5 KM,6,00:35 Min.,35
89H,23,11.8 KM,4,00:50 Min.,50
90E,11,7.5 KM,32,00:40 Min.,40
92E,16,10.9 KM,17,00:45 Min.,45
94C,22,12.5 KM,8,00:55 Min.,55
94D,16,10.2 KM,8,00:35 Min.,35
94E,13,10 KM,28,01:35 Min.,95
95,21,12.6 KM,20,00:50 Min.,50
95A,21,14.7 KM,23,00:55 Min.,55
95B,22,14.3 KM,6,00:45 Min.,45
95G,22,12.1 KM,5,00:45 Min.,45
96,21,14.7 KM,96,01:00 Min.,60
96A,21,14.7 KM,96,01:00 Min.,60
96AS,21,13.5 KM,7,00:55 Min.,55
96B,11,7.5 KM,21,00:30 Min.,30
96C,15,10.8 KM,3,00:40 Min.,40
96E,14,13 KM,14,00:55 Min.,55
96G,16,14.7 KM,114,00:40 Min.,40
96H,16,7.7 KM,10,00:30 Min.,30
98C,14,11.6 KM,15,00:45 Min.,45
98E,16,14.8 KM,15,00:50 Min.,50
99A,15,11 KM,8,00:40 Min.,40
99B,14,10 KM,23,00:50 Min.,50
AS-15,27,16.5 KM,10,00:55 Min.,55
BC-6,24,14.5 KM,30,00:40 Min.,40
BC-7,23,13.4 KM,16,00:35 Min.,35
BC-7B,12,10.5 KM,36,00:35 Min.,35
BC-7E,6,11.3 KM,19,00:35 Min.,35
BC-8,20,11 KM,32,00:35 Min.,35
BC-8A,20,8.3 KM,30,00:35 Min.,35
BC-9,13,8.3 KM,23,00:55 Min.,55
BC-9B,28,23.9 KM,23,01:25 Min.,85
BC-9D,18,19 KM,11,00:55 Min.,55
CCC-1,16,15.4 KM,9,00:55 Min.,55
CHAKRA-2,24,13.5 KM,12,00:45 Min.,45
D-6,66,48.3 KM,14,02:10 Min.,130
FDR-1,37,19 KM,46,01:20 Min.,80
FDR-11,17,18 KM,2,00:50 Min.,50
FDR-11A,17,18 KM,8,00:55 Min.,55
FDR-2,38,19 KM,36,01:05 Min.,65
FDR-5,49,27.1 KM,5,01:45 Min.,105
FDR-6,43,26.1 KM,7,01:40 Min.,100
FDR-7,41,24.7 KM,7,01:25 Min.,85
G-1,28,21.8 KM,80,01:35 Min.,95
G-10,23,15 KM,49,01:05 Min.,65
G-11,27,25 KM,37,01:10 Min.,70
G-12,32,28.2 KM,33,01:25 Min.,85
G-2,34,28 KM,53,01:25 Min.,85
G-4,31,20.4 KM,75,01:20 Min.,80
G-6,27,21 KM,24,01:15 Min.,75
G-7,24,18 KM,77,01:00 Min.,60
G-8,41,29.9 KM,33,01:25 Min.,85
G-9,29,20.6 KM,71,01:10 Min.,70
HS-4,12,10.5 KM,10,00:55 Min.,55
JPV-10,14,10.2 KM,6,01:00 Min.,60
K-1,34,27.8 KM,31,02:10 Min.,130
K-4,40,28.5 KM,40,01:40 Min.,100
K-5,54,29.6 KM,38,01:40 Min.,100
K-6,48,28.1 KM,54,01:40 Min.,100
KHC-1,11,10.8 KM,8,00:50 Min.,50
MBS-11,48,27 KM,4,01:20 Min.,80
MBS-12,35,29 KM,5,01:20 Min.,80
MBS-14,46,23.9 KM,12,01:15 Min.,75
MBS-17,34,29.6 KM,5,01:45 Min.,105
MBS-21,50,43.5 KM,2,02:30 Min.,150
MBS-24,63,43.6 KM,4,02:05 Min.,125
MBS-5,33,21.5 KM,8,01:10 Min.,70
MBS-6,39,31.5 KM,13,01:45 Min.,105
MBS-8,42,26.4 KM,24,01:35 Min.,95
MBS-9,40,32 KM,8,01:25 Min.,85
MF-1,13,14.5 KM,64,00:55 Min.,55
MF-10,17,13.8 KM,40,00:50 Min.,50
MF-4,27,26 KM,48,01:40 Min.,100
MF-5,18,12.5 KM,27,00:50 Min.,50
MF-6,30,17.9 KM,42,00:55 Min.,55
MF-7,30,19.6 KM,51,00:55 Min.,55
MF-9,18,13.5 KM,16,00:40 Min.,40
MP-10,14,8.2 KM,29,00:35 Min.,35
MP-342F,35,31.5 KM,19,01:45 Min.,105
MP-45F,23,13.4 KM,21,01:00 Min.,60
MP-501A,54,38.5 KM,12,01:55 Min.,115
MP-60A,23,13.7 KM,33,01:00 Min.,60
MP-96,21,14.8 KM,73,00:55 Min.,55
NLMF-1,18,9.9 KM,7,00:35 Min.,35
PK-89A,2,7.9 KM,9,00:30 Min.,30
TR-10,35,24.1 KM,4,01:45 Min.,105
TR-12,32,18.2 KM,43,01:10 Min.,70
TR-4,23,17.3 KM,46,01:30 Min.,90
TR-4A,23,20.5 KM,11,01:30 Min.,90
TR-6,25,16.7 KM,17,01:05 Min.,65
TR-7,30,17 KM,6,01:05 Min.,65
TR-8,27,17.1 KM,5,00:55 Min.,55
V-201R,47,30.2 KM,49,01:45 Min.,105
WFS-1,25,19.4 KM,10,00:55 Min.,55
