route_no,time,time_hr,time_min,min
298P,01:10 Min,1,10,70
298PB,01:15 Min,1,15,75
305V,01:30 Min,1,30,90
314N,00:40 Min,0,40,40
314P,00:35 Min,0,35,35
317D,01:20 Min,1,20,80
317J,01:45 Min,1,45,105
317K,01:30 Min,1,30,90
342G,01:25 Min,1,25,85
342W,01:30 Min,1,30,90
346P,01:10 Min,1,10,70
347K,01:00 Min,1,0,60
349A,01:25 Min,1,25,85
349B,01:15 Min,1,15,75
349C,01:20 Min,1,20,80
13K,00:15 Min,0,15,15
54E,00:15 Min,0,15,15
55B,00:20 Min,0,20,20
129,00:20 Min,0,20,20
78A,00:25 Min,0,25,25
79B,00:25 Min,0,25,25
104,00:25 Min,0,25,25
111A,00:25 Min,0,25,25
113,00:25 Min,0,25,25
125E,00:25 Min,0,25,25
140B,00:25 Min,0,25,25
141,00:25 Min,0,25,25
144,00:25 Min,0,25,25
155A,00:25 Min,0,25,25
287A,00:25 Min,0,25,25
356CW,00:25 Min,0,25,25
366QA,00:25 Min,0,25,25
BC-7C,00:30 Min,0,30,30
12,00:30 Min,0,30,30
49,00:30 Min,0,30,30
59B,00:30 Min,0,30,30
79A,00:30 Min,0,30,30
79J,00:30 Min,0,30,30
82B,00:30 Min,0,30,30
83,00:30 Min,0,30,30
83C,00:30 Min,0,30,30
84,00:30 Min,0,30,30
86,00:30 Min,0,30,30
87C,00:30 Min,0,30,30
88,00:30 Min,0,30,30
88A,00:30 Min,0,30,30
89A,00:30 Min,0,30,30
89B,00:30 Min,0,30,30
PK-89A,00:30 Min,0,30,30
96B,00:30 Min,0,30,30
96H,00:30 Min,0,30,30
112A,00:30 Min,0,30,30
119,00:30 Min,0,30,30
127,00:30 Min,0,30,30
140,00:30 Min,0,30,30
141A,00:30 Min,0,30,30
144A,00:30 Min,0,30,30
144E,00:30 Min,0,30,30
201C,00:30 Min,0,30,30
210CD,00:30 Min,0,30,30
215AB,00:30 Min,0,30,30
215BB,00:30 Min,0,30,30
215CB,00:30 Min,0,30,30
215MA,00:30 Min,0,30,30
245TC,00:30 Min,0,30,30
263R,00:30 Min,0,30,30
278,00:30 Min,0,30,30
279K,00:30 Min,0,30,30
281K,00:30 Min,0,30,30
287N,00:30 Min,0,30,30
289A,00:30 Min,0,30,30
296Q,00:30 Min,0,30,30
300,00:30 Min,0,30,30
311K,00:30 Min,0,30,30
320J,00:30 Min,0,30,30
356ZA,00:30 Min,0,30,30
NLMF-1,00:35 Min,0,35,35
BC-7,00:35 Min,0,35,35
BC-7B,00:35 Min,0,35,35
BC-7E,00:35 Min,0,35,35
BC-8,00:35 Min,0,35,35
BC-8A,00:35 Min,0,35,35
MP-10,00:35 Min,0,35,35
21,00:35 Min,0,35,35
22,00:35 Min,0,35,35
24N,00:35 Min,0,35,35
26,00:35 Min,0,35,35
35,00:35 Min,0,35,35
37D,00:35 Min,0,35,35
43G,00:35 Min,0,35,35
49A,00:35 Min,0,35,35
56,00:35 Min,0,35,35
59F,00:35 Min,0,35,35
61B,00:35 Min,0,35,35
61C,00:35 Min,0,35,35
61F,00:35 Min,0,35,35
61G,00:35 Min,0,35,35
80,00:35 Min,0,35,35
82AR,00:35 Min,0,35,35
87,00:35 Min,0,35,35
87A,00:35 Min,0,35,35
87B,00:35 Min,0,35,35
89C,00:35 Min,0,35,35
89D,00:35 Min,0,35,35
89E,00:35 Min,0,35,35
89F,00:35 Min,0,35,35
94D,00:35 Min,0,35,35
114A,00:35 Min,0,35,35
132,00:35 Min,0,35,35
139,00:35 Min,0,35,35
140A,00:35 Min,0,35,35
140E,00:35 Min,0,35,35
141E,00:35 Min,0,35,35
143E,00:35 Min,0,35,35
145,00:35 Min,0,35,35
155,00:35 Min,0,35,35
165E,00:35 Min,0,35,35
238A,00:35 Min,0,35,35
263P,00:35 Min,0,35,35
278K,00:35 Min,0,35,35
287P,00:35 Min,0,35,35
290C,00:35 Min,0,35,35
290H,00:35 Min,0,35,35
290K,00:35 Min,0,35,35
291G,00:35 Min,0,35,35
296D,00:35 Min,0,35,35
302,00:35 Min,0,35,35
374,00:35 Min,0,35,35
415C,00:35 Min,0,35,35
501KS,00:35 Min,0,35,35
2D,00:40 Min,0,40,40
BC-4A,00:40 Min,0,40,40
BC-6,00:40 Min,0,40,40
7E,00:40 Min,0,40,40
MF-9,00:40 Min,0,40,40
10A,00:40 Min,0,40,40
15F,00:40 Min,0,40,40
15K,00:40 Min,0,40,40
24A,00:40 Min,0,40,40
24F,00:40 Min,0,40,40
24H,00:40 Min,0,40,40
25C,00:40 Min,0,40,40
31B,00:40 Min,0,40,40
34A,00:40 Min,0,40,40
36,00:40 Min,0,40,40
37,00:40 Min,0,40,40
37A,00:40 Min,0,40,40
45,00:40 Min,0,40,40
61J,00:40 Min,0,40,40
61M,00:40 Min,0,40,40
75C,00:40 Min,0,40,40
80B,00:40 Min,0,40,40
80D,00:40 Min,0,40,40
80H,00:40 Min,0,40,40
80K,00:40 Min,0,40,40
80L,00:40 Min,0,40,40
80R,00:40 Min,0,40,40
83D,00:40 Min,0,40,40
88E,00:40 Min,0,40,40
89,00:40 Min,0,40,40
90E,00:40 Min,0,40,40
96C,00:40 Min,0,40,40
96G,00:40 Min,0,40,40
99A,00:40 Min,0,40,40
112,00:40 Min,0,40,40
114C,00:40 Min,0,40,40
114D,00:40 Min,0,40,40
121A,00:40 Min,0,40,40
126A,00:40 Min,0,40,40
133E,00:40 Min,0,40,40
143,00:40 Min,0,40,40
146,00:40 Min,0,40,40
146E,00:40 Min,0,40,40
152,00:40 Min,0,40,40
161B,00:40 Min,0,40,40
163A,00:40 Min,0,40,40
166,00:40 Min,0,40,40
168A,00:40 Min,0,40,40
168D,00:40 Min,0,40,40
173A,00:40 Min,0,40,40
215P,00:40 Min,0,40,40
223N,00:40 Min,0,40,40
238C,00:40 Min,0,40,40
238VR,00:40 Min,0,40,40
241D,00:40 Min,0,40,40
250AC,00:40 Min,0,40,40
270C,00:40 Min,0,40,40
271K,00:40 Min,0,40,40
273H,00:40 Min,0,40,40
276C,00:40 Min,0,40,40
276P,00:40 Min,0,40,40
277,00:40 Min,0,40,40
278A,00:40 Min,0,40,40
279E,00:40 Min,0,40,40
284C,00:40 Min,0,40,40
287B,00:40 Min,0,40,40
287C,00:40 Min,0,40,40
287F,00:40 Min,0,40,40
287Q,00:40 Min,0,40,40
287R,00:40 Min,0,40,40
287RA,00:40 Min,0,40,40
290L,00:40 Min,0,40,40
300L,00:40 Min,0,40,40
302M,00:40 Min,0,40,40
303F,00:40 Min,0,40,40
327K,00:40 Min,0,40,40
329M,00:40 Min,0,40,40
369Q,00:40 Min,0,40,40
374N,00:40 Min,0,40,40
400A,00:40 Min,0,40,40
415,00:40 Min,0,40,40
415J,00:40 Min,0,40,40
2,00:45 Min,0,45,45
2A,00:45 Min,0,45,45
CHAKRA-2,00:45 Min,0,45,45
13,00:45 Min,0,45,45
13G,00:45 Min,0,45,45
15C,00:45 Min,0,45,45
15L,00:45 Min,0,45,45
18,00:45 Min,0,45,45
24E,00:45 Min,0,45,45
25H,00:45 Min,0,45,45
29E,00:45 Min,0,45,45
31,00:45 Min,0,45,45
31E,00:45 Min,0,45,45
33,00:45 Min,0,45,45
36B,00:45 Min,0,45,45
36D,00:45 Min,0,45,45
36F,00:45 Min,0,45,45
37E,00:45 Min,0,45,45
37F,00:45 Min,0,45,45
43,00:45 Min,0,45,45
43A,00:45 Min,0,45,45
43E,00:45 Min,0,45,45
43J,00:45 Min,0,45,45
50,00:45 Min,0,45,45
50A,00:45 Min,0,45,45
58,00:45 Min,0,45,45
61E,00:45 Min,0,45,45
80F,00:45 Min,0,45,45
80G,00:45 Min,0,45,45
92E,00:45 Min,0,45,45
95B,00:45 Min,0,45,45
95G,00:45 Min,0,45,45
98C,00:45 Min,0,45,45
108,00:45 Min,0,45,45
114,00:45 Min,0,45,45
114B,00:45 Min,0,45,45
114G,00:45 Min,0,45,45
143A,00:45 Min,0,45,45
146B,00:45 Min,0,45,45
168E,00:45 Min,0,45,45
201Q,00:45 Min,0,45,45
210,00:45 Min,0,45,45
210D,00:45 Min,0,45,45
212D,00:45 Min,0,45,45
215A,00:45 Min,0,45,45
215B,00:45 Min,0,45,45
215CD,00:45 Min,0,45,45
215U,00:45 Min,0,45,45
225DA,00:45 Min,0,45,45
225P,00:45 Min,0,45,45
235F,00:45 Min,0,45,45
238,00:45 Min,0,45,45
238B,00:45 Min,0,45,45
238K,00:45 Min,0,45,45
238L,00:45 Min,0,45,45
239D,00:45 Min,0,45,45
240D,00:45 Min,0,45,45
242CB,00:45 Min,0,45,45
242D,00:45 Min,0,45,45
242G,00:45 Min,0,45,45
242TC,00:45 Min,0,45,45
243B,00:45 Min,0,45,45
244A,00:45 Min,0,45,45
244D,00:45 Min,0,45,45
246,00:45 Min,0,45,45
250L,00:45 Min,0,45,45
252GA,00:45 Min,0,45,45
252H,00:45 Min,0,45,45
265F,00:45 Min,0,45,45
271D,00:45 Min,0,45,45
276D,00:45 Min,0,45,45
276K,00:45 Min,0,45,45
279,00:45 Min,0,45,45
279H,00:45 Min,0,45,45
284B,00:45 Min,0,45,45
286G,00:45 Min,0,45,45
287D,00:45 Min,0,45,45
287JA,00:45 Min,0,45,45
287K,00:45 Min,0,45,45
288A,00:45 Min,0,45,45
288D,00:45 Min,0,45,45
289AB,00:45 Min,0,45,45
290A,00:45 Min,0,45,45
290S,00:45 Min,0,45,45
291,00:45 Min,0,45,45
291M,00:45 Min,0,45,45
291N,00:45 Min,0,45,45
293P,00:45 Min,0,45,45
294C,00:45 Min,0,45,45
296T,00:45 Min,0,45,45
297F,00:45 Min,0,45,45
300B,00:45 Min,0,45,45
300P,00:45 Min,0,45,45
302G,00:45 Min,0,45,45
302J,00:45 Min,0,45,45
303B,00:45 Min,0,45,45
303C,00:45 Min,0,45,45
303D,00:45 Min,0,45,45
304A,00:45 Min,0,45,45
311C,00:45 Min,0,45,45
311E,00:45 Min,0,45,45
311F,00:45 Min,0,45,45
313C,00:45 Min,0,45,45
314FA,00:45 Min,0,45,45
315C,00:45 Min,0,45,45
328C,00:45 Min,0,45,45
330M,00:45 Min,0,45,45
334B,00:45 Min,0,45,45
335C,00:45 Min,0,45,45
341A,00:45 Min,0,45,45
343H,00:45 Min,0,45,45
346CA,00:45 Min,0,45,45
366A,00:45 Min,0,45,45
366AB,00:45 Min,0,45,45
369,00:45 Min,0,45,45
369B,00:45 Min,0,45,45
400,00:45 Min,0,45,45
412A,00:45 Min,0,45,45
415A,00:45 Min,0,45,45
415B,00:45 Min,0,45,45
415F,00:45 Min,0,45,45
415G,00:45 Min,0,45,45
502E,00:45 Min,0,45,45
504E,00:45 Min,0,45,45
1F,00:50 Min,0,50,50
KHC-1,00:50 Min,0,50,50
2B,00:50 Min,0,50,50
MF-5,00:50 Min,0,50,50
MF-10,00:50 Min,0,50,50
FDR-11,00:50 Min,0,50,50
12B,00:50 Min,0,50,50
12D,00:50 Min,0,50,50
12F,00:50 Min,0,50,50
13D,00:50 Min,0,50,50
15G,00:50 Min,0,50,50
15H,00:50 Min,0,50,50
25A,00:50 Min,0,50,50
25B,00:50 Min,0,50,50
25D,00:50 Min,0,50,50
25N,00:50 Min,0,50,50
25R,00:50 Min,0,50,50
29,00:50 Min,0,50,50
31A,00:50 Min,0,50,50
34C,00:50 Min,0,50,50
34F,00:50 Min,0,50,50
37B,00:50 Min,0,50,50
43D,00:50 Min,0,50,50
45E,00:50 Min,0,50,50
45F,00:50 Min,0,50,50
45K,00:50 Min,0,50,50
59A,00:50 Min,0,50,50
59D,00:50 Min,0,50,50
60B,00:50 Min,0,50,50
68,00:50 Min,0,50,50
75B,00:50 Min,0,50,50
75H,00:50 Min,0,50,50
77,00:50 Min,0,50,50
79D,00:50 Min,0,50,50
79F,00:50 Min,0,50,50
79K,00:50 Min,0,50,50
80C,00:50 Min,0,50,50
80E,00:50 Min,0,50,50
89H,00:50 Min,0,50,50
95,00:50 Min,0,50,50
98E,00:50 Min,0,50,50
99B,00:50 Min,0,50,50
111,00:50 Min,0,50,50
111C,00:50 Min,0,50,50
126,00:50 Min,0,50,50
161C,00:50 Min,0,50,50
171F,00:50 Min,0,50,50
171G,00:50 Min,0,50,50
171H,00:50 Min,0,50,50
196,00:50 Min,0,50,50
201MA,00:50 Min,0,50,50
210A,00:50 Min,0,50,50
210C,00:50 Min,0,50,50
210I,00:50 Min,0,50,50
210U,00:50 Min,0,50,50
210V,00:50 Min,0,50,50
210X,00:50 Min,0,50,50
210Z,00:50 Min,0,50,50
215D,00:50 Min,0,50,50
215E,00:50 Min,0,50,50
215X,00:50 Min,0,50,50
220A,00:50 Min,0,50,50
220E,00:50 Min,0,50,50
223F,00:50 Min,0,50,50
223G,00:50 Min,0,50,50
223H,00:50 Min,0,50,50
223L,00:50 Min,0,50,50
225,00:50 Min,0,50,50
225G,00:50 Min,0,50,50
234,00:50 Min,0,50,50
235A,00:50 Min,0,50,50
237C,00:50 Min,0,50,50
238G,00:50 Min,0,50,50
238U,00:50 Min,0,50,50
238V,00:50 Min,0,50,50
240BA,00:50 Min,0,50,50
241CB,00:50 Min,0,50,50
243A,00:50 Min,0,50,50
243F,00:50 Min,0,50,50
243H,00:50 Min,0,50,50
243J,00:50 Min,0,50,50
244C,00:50 Min,0,50,50
244F,00:50 Min,0,50,50
244G,00:50 Min,0,50,50
250M,00:50 Min,0,50,50
250YA,00:50 Min,0,50,50
267C,00:50 Min,0,50,50
269,00:50 Min,0,50,50
269A,00:50 Min,0,50,50
271C,00:50 Min,0,50,50
271E,00:50 Min,0,50,50
271P,00:50 Min,0,50,50
271T,00:50 Min,0,50,50
273F,00:50 Min,0,50,50
273J,00:50 Min,0,50,50
279A,00:50 Min,0,50,50
286A,00:50 Min,0,50,50
287L,00:50 Min,0,50,50
290B,00:50 Min,0,50,50
290D,00:50 Min,0,50,50
290N,00:50 Min,0,50,50
290Y,00:50 Min,0,50,50
291E,00:50 Min,0,50,50
293A,00:50 Min,0,50,50
296B,00:50 Min,0,50,50
301A,00:50 Min,0,50,50
302A,00:50 Min,0,50,50
302K,00:50 Min,0,50,50
303A,00:50 Min,0,50,50
303E,00:50 Min,0,50,50
303G,00:50 Min,0,50,50
310,00:50 Min,0,50,50
311,00:50 Min,0,50,50
311J,00:50 Min,0,50,50
314A,00:50 Min,0,50,50
329L,00:50 Min,0,50,50
330B,00:50 Min,0,50,50
330H,00:50 Min,0,50,50
333C,00:50 Min,0,50,50
333J,00:50 Min,0,50,50
335B,00:50 Min,0,50,50
335F,00:50 Min,0,50,50
338,00:50 Min,0,50,50
343B,00:50 Min,0,50,50
343F,00:50 Min,0,50,50
347B,00:50 Min,0,50,50
348F,00:50 Min,0,50,50
348J,00:50 Min,0,50,50
368D,00:50 Min,0,50,50
369E,00:50 Min,0,50,50
369H,00:50 Min,0,50,50
402N,00:50 Min,0,50,50
403B,00:50 Min,0,50,50
415D,00:50 Min,0,50,50
CCC-1,00:55 Min,0,55,55
MF-1,00:55 Min,0,55,55
WFS-1,00:55 Min,0,55,55
2E,00:55 Min,0,55,55
HS-4,00:55 Min,0,55,55
MF-6,00:55 Min,0,55,55
MF-7,00:55 Min,0,55,55
TR-8,00:55 Min,0,55,55
BC-9,00:55 Min,0,55,55
BC-9D,00:55 Min,0,55,55
FDR-11A,00:55 Min,0,55,55
AS-15,00:55 Min,0,55,55
27A,00:55 Min,0,55,55
3F-1,00:55 Min,0,55,55
3F-2,00:55 Min,0,55,55
3F-3,00:55 Min,0,55,55
34,00:55 Min,0,55,55
3F-4,00:55 Min,0,55,55
3F-5,00:55 Min,0,55,55
3F-6,00:55 Min,0,55,55
43C,00:55 Min,0,55,55
45B,00:55 Min,0,55,55
63B,00:55 Min,0,55,55
77B,00:55 Min,0,55,55
77C,00:55 Min,0,55,55
77F,00:55 Min,0,55,55
79E,00:55 Min,0,55,55
82A,00:55 Min,0,55,55
82C,00:55 Min,0,55,55
94C,00:55 Min,0,55,55
95A,00:55 Min,0,55,55
96AS,00:55 Min,0,55,55
96E,00:55 Min,0,55,55
MP-96,00:55 Min,0,55,55
120,00:55 Min,0,55,55
144G,00:55 Min,0,55,55
154,00:55 Min,0,55,55
161D,00:55 Min,0,55,55
190,00:55 Min,0,55,55
210CA,00:55 Min,0,55,55
210J,00:55 Min,0,55,55
210KA,00:55 Min,0,55,55
210P,00:55 Min,0,55,55
210T,00:55 Min,0,55,55
215BA,00:55 Min,0,55,55
215J,00:55 Min,0,55,55
215K,00:55 Min,0,55,55
215M,00:55 Min,0,55,55
215R,00:55 Min,0,55,55
222F,00:55 Min,0,55,55
223P,00:55 Min,0,55,55
223PA,00:55 Min,0,55,55
223Q,00:55 Min,0,55,55
224,00:55 Min,0,55,55
225D,00:55 Min,0,55,55
225F,00:55 Min,0,55,55
225J,00:55 Min,0,55,55
230A,00:55 Min,0,55,55
234A,00:55 Min,0,55,55
235AA,00:55 Min,0,55,55
235AB,00:55 Min,0,55,55
235D,00:55 Min,0,55,55
235Q,00:55 Min,0,55,55
237,00:55 Min,0,55,55
239A,00:55 Min,0,55,55
240A,00:55 Min,0,55,55
240C,00:55 Min,0,55,55
240R,00:55 Min,0,55,55
241C,00:55 Min,0,55,55
241CN,00:55 Min,0,55,55
241N,00:55 Min,0,55,55
243D,00:55 Min,0,55,55
248C,00:55 Min,0,55,55
248G,00:55 Min,0,55,55
248W,00:55 Min,0,55,55
250C,00:55 Min,0,55,55
250CA,00:55 Min,0,55,55
250CB,00:55 Min,0,55,55
250D,00:55 Min,0,55,55
250H,00:55 Min,0,55,55
250TA,00:55 Min,0,55,55
250W,00:55 Min,0,55,55
250YB,00:55 Min,0,55,55
251C,00:55 Min,0,55,55
252D,00:55 Min,0,55,55
252J,00:55 Min,0,55,55
255AC,00:55 Min,0,55,55
256C,00:55 Min,0,55,55
256F,00:55 Min,0,55,55
259B,00:55 Min,0,55,55
261,00:55 Min,0,55,55
263D,00:55 Min,0,55,55
263H,00:55 Min,0,55,55
265B,00:55 Min,0,55,55
267A,00:55 Min,0,55,55
270G,00:55 Min,0,55,55
271A,00:55 Min,0,55,55
273B,00:55 Min,0,55,55
275,00:55 Min,0,55,55
275C,00:55 Min,0,55,55
279C,00:55 Min,0,55,55
286,00:55 Min,0,55,55
286B,00:55 Min,0,55,55
286D,00:55 Min,0,55,55
286F,00:55 Min,0,55,55
286H,00:55 Min,0,55,55
287T,00:55 Min,0,55,55
288,00:55 Min,0,55,55
288C,00:55 Min,0,55,55
288F,00:55 Min,0,55,55
288M,00:55 Min,0,55,55
290J,00:55 Min,0,55,55
291R,00:55 Min,0,55,55
294B,00:55 Min,0,55,55
295C,00:55 Min,0,55,55
300A,00:55 Min,0,55,55
300E,00:55 Min,0,55,55
300F,00:55 Min,0,55,55
301E,00:55 Min,0,55,55
302C,00:55 Min,0,55,55
302E,00:55 Min,0,55,55
302F,00:55 Min,0,55,55
310E,00:55 Min,0,55,55
312A,00:55 Min,0,55,55
313B,00:55 Min,0,55,55
313D,00:55 Min,0,55,55
313G,00:55 Min,0,55,55
313P,00:55 Min,0,55,55
313T,00:55 Min,0,55,55
313U,00:55 Min,0,55,55
314,00:55 Min,0,55,55
314G,00:55 Min,0,55,55
315K,00:55 Min,0,55,55
315P,00:55 Min,0,55,55
330D,00:55 Min,0,55,55
330E,00:55 Min,0,55,55
330G,00:55 Min,0,55,55
333F,00:55 Min,0,55,55
335H,00:55 Min,0,55,55
335HD,00:55 Min,0,55,55
336B,00:55 Min,0,55,55
343D,00:55 Min,0,55,55
343L,00:55 Min,0,55,55
346J,00:55 Min,0,55,55
347D,00:55 Min,0,55,55
347E,00:55 Min,0,55,55
348A,00:55 Min,0,55,55
348C,00:55 Min,0,55,55
348G,00:55 Min,0,55,55
348L,00:55 Min,0,55,55
363A,00:55 Min,0,55,55
364,00:55 Min,0,55,55
364D,00:55 Min,0,55,55
369C,00:55 Min,0,55,55
369D,00:55 Min,0,55,55
369M,00:55 Min,0,55,55
369N,00:55 Min,0,55,55
401W,00:55 Min,0,55,55
402C,00:55 Min,0,55,55
402D,00:55 Min,0,55,55
407D,00:55 Min,0,55,55
415E,00:55 Min,0,55,55
500T,00:55 Min,0,55,55
600CF,00:55 Min,0,55,55
7D,01:00 Min,1,0,60
7F,01:00 Min,1,0,60
G-7,01:00 Min,1,0,60
JPV-10,01:00 Min,1,0,60
13A,01:00 Min,1,0,60
13C,01:00 Min,1,0,60
13F,01:00 Min,1,0,60
27,01:00 Min,1,0,60
27E,01:00 Min,1,0,60
27N,01:00 Min,1,0,60
34B,01:00 Min,1,0,60
34S,01:00 Min,1,0,60
36A,01:00 Min,1,0,60
43B,01:00 Min,1,0,60
43H,01:00 Min,1,0,60
43M,01:00 Min,1,0,60
45D,01:00 Min,1,0,60
MP-45F,01:00 Min,1,0,60
52,01:00 Min,1,0,60
52E,01:00 Min,1,0,60
60A,01:00 Min,1,0,60
60E,01:00 Min,1,0,60
MP-60A,01:00 Min,1,0,60
61,01:00 Min,1,0,60
63,01:00 Min,1,0,60
77D,01:00 Min,1,0,60
78,01:00 Min,1,0,60
79G,01:00 Min,1,0,60
79H,01:00 Min,1,0,60
82,01:00 Min,1,0,60
87S,01:00 Min,1,0,60
96,01:00 Min,1,0,60
96A,01:00 Min,1,0,60
139A,01:00 Min,1,0,60
144K,01:00 Min,1,0,60
164,01:00 Min,1,0,60
169,01:00 Min,1,0,60
171,01:00 Min,1,0,60
171J,01:00 Min,1,0,60
176D,01:00 Min,1,0,60
182,01:00 Min,1,0,60
195A,01:00 Min,1,0,60
197,01:00 Min,1,0,60
210B,01:00 Min,1,0,60
210E,01:00 Min,1,0,60
210F,01:00 Min,1,0,60
210FA,01:00 Min,1,0,60
210GA,01:00 Min,1,0,60
210N,01:00 Min,1,0,60
210NA,01:00 Min,1,0,60
210NB,01:00 Min,1,0,60
210R,01:00 Min,1,0,60
210W,01:00 Min,1,0,60
211B,01:00 Min,1,0,60
212,01:00 Min,1,0,60
215,01:00 Min,1,0,60
215CA,01:00 Min,1,0,60
215NB,01:00 Min,1,0,60
215T,01:00 Min,1,0,60
217D,01:00 Min,1,0,60
218A,01:00 Min,1,0,60
221D,01:00 Min,1,0,60
221E,01:00 Min,1,0,60
221G,01:00 Min,1,0,60
222C,01:00 Min,1,0,60
222N,01:00 Min,1,0,60
223D,01:00 Min,1,0,60
223E,01:00 Min,1,0,60
224A,01:00 Min,1,0,60
224C,01:00 Min,1,0,60
224D,01:00 Min,1,0,60
225A,01:00 Min,1,0,60
225AB,01:00 Min,1,0,60
225B,01:00 Min,1,0,60
225C,01:00 Min,1,0,60
225CB,01:00 Min,1,0,60
225CF,01:00 Min,1,0,60
225K,01:00 Min,1,0,60
227C,01:00 Min,1,0,60
227H,01:00 Min,1,0,60
230,01:00 Min,1,0,60
235B,01:00 Min,1,0,60
235E,01:00 Min,1,0,60
235K,01:00 Min,1,0,60
235P,01:00 Min,1,0,60
237D,01:00 Min,1,0,60
238S,01:00 Min,1,0,60
238Z,01:00 Min,1,0,60
239C,01:00 Min,1,0,60
240,01:00 Min,1,0,60
241,01:00 Min,1,0,60
241CJ,01:00 Min,1,0,60
241E,01:00 Min,1,0,60
241G,01:00 Min,1,0,60
242N,01:00 Min,1,0,60
242ZC,01:00 Min,1,0,60
243,01:00 Min,1,0,60
243C,01:00 Min,1,0,60
245C,01:00 Min,1,0,60
245E,01:00 Min,1,0,60
245J,01:00 Min,1,0,60
246A,01:00 Min,1,0,60
248F,01:00 Min,1,0,60
250,01:00 Min,1,0,60
250A,01:00 Min,1,0,60
250AB,01:00 Min,1,0,60
250BA,01:00 Min,1,0,60
250CC,01:00 Min,1,0,60
250N,01:00 Min,1,0,60
250R,01:00 Min,1,0,60
250S,01:00 Min,1,0,60
250Y,01:00 Min,1,0,60
250Z,01:00 Min,1,0,60
251E,01:00 Min,1,0,60
252F,01:00 Min,1,0,60
252FA,01:00 Min,1,0,60
252K,01:00 Min,1,0,60
252L,01:00 Min,1,0,60
252R,01:00 Min,1,0,60
252RA,01:00 Min,1,0,60
252V,01:00 Min,1,0,60
253M,01:00 Min,1,0,60
257B,01:00 Min,1,0,60
257C,01:00 Min,1,0,60
258N,01:00 Min,1,0,60
263G,01:00 Min,1,0,60
263J,01:00 Min,1,0,60
266F,01:00 Min,1,0,60
269B,01:00 Min,1,0,60
270A,01:00 Min,1,0,60
270D,01:00 Min,1,0,60
272E,01:00 Min,1,0,60
273,01:00 Min,1,0,60
273C,01:00 Min,1,0,60
276A,01:00 Min,1,0,60
276E,01:00 Min,1,0,60
278E,01:00 Min,1,0,60
283E,01:00 Min,1,0,60
286E,01:00 Min,1,0,60
287M,01:00 Min,1,0,60
290Q,01:00 Min,1,0,60
291J,01:00 Min,1,0,60
292,01:00 Min,1,0,60
292B,01:00 Min,1,0,60
292C,01:00 Min,1,0,60
293C,01:00 Min,1,0,60
294,01:00 Min,1,0,60
294E,01:00 Min,1,0,60
295A,01:00 Min,1,0,60
297K,01:00 Min,1,0,60
300C,01:00 Min,1,0,60
305NT,01:00 Min,1,0,60
312,01:00 Min,1,0,60
313K,01:00 Min,1,0,60
313L,01:00 Min,1,0,60
313M,01:00 Min,1,0,60
314E,01:00 Min,1,0,60
314F,01:00 Min,1,0,60
314X,01:00 Min,1,0,60
315D,01:00 Min,1,0,60
315DN,01:00 Min,1,0,60
315L,01:00 Min,1,0,60
315U,01:00 Min,1,0,60
322E,01:00 Min,1,0,60
333D,01:00 Min,1,0,60
333Q,01:00 Min,1,0,60
336A,01:00 Min,1,0,60
340,01:00 Min,1,0,60
340A,01:00 Min,1,0,60
340F,01:00 Min,1,0,60
340K,01:00 Min,1,0,60
340S,01:00 Min,1,0,60
341E,01:00 Min,1,0,60
342C,01:00 Min,1,0,60
343M,01:00 Min,1,0,60
346B,01:00 Min,1,0,60
347,01:00 Min,1,0,60
347A,01:00 Min,1,0,60
347G,01:00 Min,1,0,60
347M,01:00 Min,1,0,60
348H,01:00 Min,1,0,60
353B,01:00 Min,1,0,60
362,01:00 Min,1,0,60
362C,01:00 Min,1,0,60
364A,01:00 Min,1,0,60
364B,01:00 Min,1,0,60
364G,01:00 Min,1,0,60
367C,01:00 Min,1,0,60
367D,01:00 Min,1,0,60
368F,01:00 Min,1,0,60
374K,01:00 Min,1,0,60
375,01:00 Min,1,0,60
375D,01:00 Min,1,0,60
401AB,01:00 Min,1,0,60
401BA,01:00 Min,1,0,60
401RE,01:00 Min,1,0,60
402A,01:00 Min,1,0,60
402B,01:00 Min,1,0,60
403A,01:00 Min,1,0,60
404C,01:00 Min,1,0,60
404E,01:00 Min,1,0,60
410A,01:00 Min,1,0,60
410G,01:00 Min,1,0,60
411A,01:00 Min,1,0,60
500Q,01:00 Min,1,0,60
501F,01:00 Min,1,0,60
502F,01:00 Min,1,0,60
504B,01:00 Min,1,0,60
FDR-2,01:05 Min,1,5,65
TR-6,01:05 Min,1,5,65
TR-7,01:05 Min,1,5,65
G-10,01:05 Min,1,5,65
13E,01:05 Min,1,5,65
45J,01:05 Min,1,5,65
60F,01:05 Min,1,5,65
77E,01:05 Min,1,5,65
111E,01:05 Min,1,5,65
176A,01:05 Min,1,5,65
176CA,01:05 Min,1,5,65
201H,01:05 Min,1,5,65
210EA,01:05 Min,1,5,65
210Q,01:05 Min,1,5,65
211C,01:05 Min,1,5,65
211T,01:05 Min,1,5,65
212C,01:05 Min,1,5,65
213C,01:05 Min,1,5,65
215H,01:05 Min,1,5,65
218,01:05 Min,1,5,65
221F,01:05 Min,1,5,65
221H,01:05 Min,1,5,65
222A,01:05 Min,1,5,65
222D,01:05 Min,1,5,65
223A,01:05 Min,1,5,65
228,01:05 Min,1,5,65
229,01:05 Min,1,5,65
238UB,01:05 Min,1,5,65
238VA,01:05 Min,1,5,65
238VB,01:05 Min,1,5,65
240E,01:05 Min,1,5,65
241Q,01:05 Min,1,5,65
245M,01:05 Min,1,5,65
248AN,01:05 Min,1,5,65
248D,01:05 Min,1,5,65
248T,01:05 Min,1,5,65
250B,01:05 Min,1,5,65
250V,01:05 Min,1,5,65
252FB,01:05 Min,1,5,65
256B,01:05 Min,1,5,65
258Y,01:05 Min,1,5,65
266Q,01:05 Min,1,5,65
271N,01:05 Min,1,5,65
273E,01:05 Min,1,5,65
276,01:05 Min,1,5,65
276B,01:05 Min,1,5,65
280E,01:05 Min,1,5,65
282G,01:05 Min,1,5,65
285A,01:05 Min,1,5,65
285JE,01:05 Min,1,5,65
288H,01:05 Min,1,5,65
290T,01:05 Min,1,5,65
291D,01:05 Min,1,5,65
294A,01:05 Min,1,5,65
294F,01:05 Min,1,5,65
295E,01:05 Min,1,5,65
300K,01:05 Min,1,5,65
302D,01:05 Min,1,5,65
304F,01:05 Min,1,5,65
314BM,01:05 Min,1,5,65
314D,01:05 Min,1,5,65
315T,01:05 Min,1,5,65
316Q,01:05 Min,1,5,65
316U,01:05 Min,1,5,65
320C,01:05 Min,1,5,65
324C,01:05 Min,1,5,65
330P,01:05 Min,1,5,65
336,01:05 Min,1,5,65
337,01:05 Min,1,5,65
341C,01:05 Min,1,5,65
346C,01:05 Min,1,5,65
346D,01:05 Min,1,5,65
346G,01:05 Min,1,5,65
346H,01:05 Min,1,5,65
346T,01:05 Min,1,5,65
346V,01:05 Min,1,5,65
347C,01:05 Min,1,5,65
364F,01:05 Min,1,5,65
365K,01:05 Min,1,5,65
369G,01:05 Min,1,5,65
378H,01:05 Min,1,5,65
401BR,01:05 Min,1,5,65
401KB,01:05 Min,1,5,65
402,01:05 Min,1,5,65
410E,01:05 Min,1,5,65
410F,01:05 Min,1,5,65
500TA,01:05 Min,1,5,65
MBS-5,01:10 Min,1,10,70
G-9,01:10 Min,1,10,70
G-11,01:10 Min,1,10,70
TR-12,01:10 Min,1,10,70
13B,01:10 Min,1,10,70
13H,01:10 Min,1,10,70
15E,01:10 Min,1,10,70
25,01:10 Min,1,10,70
36G,01:10 Min,1,10,70
44,01:10 Min,1,10,70
144H,01:10 Min,1,10,70
176C,01:10 Min,1,10,70
176E,01:10 Min,1,10,70
177,01:10 Min,1,10,70
180,01:10 Min,1,10,70
201K,01:10 Min,1,10,70
201MD,01:10 Min,1,10,70
201MJ,01:10 Min,1,10,70
210G,01:10 Min,1,10,70
210WA,01:10 Min,1,10,70
210ZA,01:10 Min,1,10,70
215HA,01:10 Min,1,10,70
215NA,01:10 Min,1,10,70
217B,01:10 Min,1,10,70
225L,01:10 Min,1,10,70
226Z,01:10 Min,1,10,70
227D,01:10 Min,1,10,70
227N,01:10 Min,1,10,70
234E,01:10 Min,1,10,70
237J,01:10 Min,1,10,70
238ZA,01:10 Min,1,10,70
239B,01:10 Min,1,10,70
241K,01:10 Min,1,10,70
241L,01:10 Min,1,10,70
242B,01:10 Min,1,10,70
242Q,01:10 Min,1,10,70
243G,01:10 Min,1,10,70
245,01:10 Min,1,10,70
245GA,01:10 Min,1,10,70
245N,01:10 Min,1,10,70
245Q,01:10 Min,1,10,70
248N,01:10 Min,1,10,70
248P,01:10 Min,1,10,70
248U,01:10 Min,1,10,70
250E,01:10 Min,1,10,70
250F,01:10 Min,1,10,70
250SA,01:10 Min,1,10,70
252N,01:10 Min,1,10,70
254A,01:10 Min,1,10,70
257,01:10 Min,1,10,70
257D,01:10 Min,1,10,70
257E,01:10 Min,1,10,70
258X,01:10 Min,1,10,70
263,01:10 Min,1,10,70
263A,01:10 Min,1,10,70
263E,01:10 Min,1,10,70
268,01:10 Min,1,10,70
270,01:10 Min,1,10,70
271F,01:10 Min,1,10,70
271G,01:10 Min,1,10,70
280,01:10 Min,1,10,70
280A,01:10 Min,1,10,70
280K,01:10 Min,1,10,70
280L,01:10 Min,1,10,70
280M,01:10 Min,1,10,70
281,01:10 Min,1,10,70
282H,01:10 Min,1,10,70
289,01:10 Min,1,10,70
290Z,01:10 Min,1,10,70
291H,01:10 Min,1,10,70
294D,01:10 Min,1,10,70
295,01:10 Min,1,10,70
298PA,01:10 Min,1,10,70
298PC,01:10 Min,1,10,70
300H,01:10 Min,1,10,70
300V,01:10 Min,1,10,70
301,01:10 Min,1,10,70
301F,01:10 Min,1,10,70
302N,01:10 Min,1,10,70
304C,01:10 Min,1,10,70
304NA,01:10 Min,1,10,70
307A,01:10 Min,1,10,70
307B,01:10 Min,1,10,70
313E,01:10 Min,1,10,70
314B,01:10 Min,1,10,70
314H,01:10 Min,1,10,70
314T,01:10 Min,1,10,70
315F,01:10 Min,1,10,70
316L,01:10 Min,1,10,70
319F,01:10 Min,1,10,70
320,01:10 Min,1,10,70
320B,01:10 Min,1,10,70
320E,01:10 Min,1,10,70
321A,01:10 Min,1,10,70
324B,01:10 Min,1,10,70
324D,01:10 Min,1,10,70
324E,01:10 Min,1,10,70
329G,01:10 Min,1,10,70
331,01:10 Min,1,10,70
331B,01:10 Min,1,10,70
333B,01:10 Min,1,10,70
333K,01:10 Min,1,10,70
333N,01:10 Min,1,10,70
335,01:10 Min,1,10,70
341B,01:10 Min,1,10,70
342H,01:10 Min,1,10,70
342Q,01:10 Min,1,10,70
346E,01:10 Min,1,10,70
346M,01:10 Min,1,10,70
347F,01:10 Min,1,10,70
349,01:10 Min,1,10,70
349D,01:10 Min,1,10,70
350H,01:10 Min,1,10,70
365R,01:10 Min,1,10,70
366G,01:10 Min,1,10,70
366M,01:10 Min,1,10,70
366X,01:10 Min,1,10,70
367CA,01:10 Min,1,10,70
367F,01:10 Min,1,10,70
369F,01:10 Min,1,10,70
372H,01:10 Min,1,10,70
374F,01:10 Min,1,10,70
380M,01:10 Min,1,10,70
390,01:10 Min,1,10,70
401A,01:10 Min,1,10,70
401KC,01:10 Min,1,10,70
401M,01:10 Min,1,10,70
401MA,01:10 Min,1,10,70
404J,01:10 Min,1,10,70
410C,01:10 Min,1,10,70
411,01:10 Min,1,10,70
411G,01:10 Min,1,10,70
502B,01:10 Min,1,10,70
504C,01:10 Min,1,10,70
505E,01:10 Min,1,10,70
267B,01:11 Min,1,11,71
G-6,01:15 Min,1,15,75
13J,01:15 Min,1,15,75
MBS-14,01:15 Min,1,15,75
60L,01:15 Min,1,15,75
63E,01:15 Min,1,15,75
75D,01:15 Min,1,15,75
75E,01:15 Min,1,15,75
80A,01:15 Min,1,15,75
129C,01:15 Min,1,15,75
171E,01:15 Min,1,15,75
174,01:15 Min,1,15,75
203,01:15 Min,1,15,75
210H,01:15 Min,1,15,75
210NC,01:15 Min,1,15,75
211,01:15 Min,1,15,75
211A,01:15 Min,1,15,75
211E,01:15 Min,1,15,75
211G,01:15 Min,1,15,75
213A,01:15 Min,1,15,75
213B,01:15 Min,1,15,75
213T,01:15 Min,1,15,75
214J,01:15 Min,1,15,75
215C,01:15 Min,1,15,75
215N,01:15 Min,1,15,75
215Y,01:15 Min,1,15,75
216B,01:15 Min,1,15,75
217C,01:15 Min,1,15,75
218B,01:15 Min,1,15,75
221K,01:15 Min,1,15,75
226A,01:15 Min,1,15,75
226B,01:15 Min,1,15,75
226C,01:15 Min,1,15,75
226F,01:15 Min,1,15,75
227CA,01:15 Min,1,15,75
227G,01:15 Min,1,15,75
227J,01:15 Min,1,15,75
227T,01:15 Min,1,15,75
227Y,01:15 Min,1,15,75
228B,01:15 Min,1,15,75
228C,01:15 Min,1,15,75
228E,01:15 Min,1,15,75
228F,01:15 Min,1,15,75
229A,01:15 Min,1,15,75
231B,01:15 Min,1,15,75
231H,01:15 Min,1,15,75
234F,01:15 Min,1,15,75
235H,01:15 Min,1,15,75
238AB,01:15 Min,1,15,75
238W,01:15 Min,1,15,75
240N,01:15 Min,1,15,75
242,01:15 Min,1,15,75
242FA,01:15 Min,1,15,75
242RA,01:15 Min,1,15,75
244K,01:15 Min,1,15,75
245D,01:15 Min,1,15,75
245DA,01:15 Min,1,15,75
245F,01:15 Min,1,15,75
245K,01:15 Min,1,15,75
245P,01:15 Min,1,15,75
245R,01:15 Min,1,15,75
248V,01:15 Min,1,15,75
250J,01:15 Min,1,15,75
250P,01:15 Min,1,15,75
250X,01:15 Min,1,15,75
252A,01:15 Min,1,15,75
252C,01:15 Min,1,15,75
252E,01:15 Min,1,15,75
253J,01:15 Min,1,15,75
255AA,01:15 Min,1,15,75
255H,01:15 Min,1,15,75
257G,01:15 Min,1,15,75
257H,01:15 Min,1,15,75
263B,01:15 Min,1,15,75
266B,01:15 Min,1,15,75
266G,01:15 Min,1,15,75
266M,01:15 Min,1,15,75
266N,01:15 Min,1,15,75
266R,01:15 Min,1,15,75
271Q,01:15 Min,1,15,75
272B,01:15 Min,1,15,75
282,01:15 Min,1,15,75
283A,01:15 Min,1,15,75
285,01:15 Min,1,15,75
287G,01:15 Min,1,15,75
287S,01:15 Min,1,15,75
290E,01:15 Min,1,15,75
290QA,01:15 Min,1,15,75
291A,01:15 Min,1,15,75
293,01:15 Min,1,15,75
293K,01:15 Min,1,15,75
297H,01:15 Min,1,15,75
300D,01:15 Min,1,15,75
307C,01:15 Min,1,15,75
313F,01:15 Min,1,15,75
314K,01:15 Min,1,15,75
315E,01:15 Min,1,15,75
315V,01:15 Min,1,15,75
316F,01:15 Min,1,15,75
316G,01:15 Min,1,15,75
316V,01:15 Min,1,15,75
317R,01:15 Min,1,15,75
317S,01:15 Min,1,15,75
319G,01:15 Min,1,15,75
319J,01:15 Min,1,15,75
320H,01:15 Min,1,15,75
322C,01:15 Min,1,15,75
324,01:15 Min,1,15,75
327,01:15 Min,1,15,75
328M,01:15 Min,1,15,75
329A,01:15 Min,1,15,75
332,01:15 Min,1,15,75
333G,01:15 Min,1,15,75
342,01:15 Min,1,15,75
342A,01:15 Min,1,15,75
342AA,01:15 Min,1,15,75
342B,01:15 Min,1,15,75
342D,01:15 Min,1,15,75
342J,01:15 Min,1,15,75
342X,01:15 Min,1,15,75
343A,01:15 Min,1,15,75
344B,01:15 Min,1,15,75
344C,01:15 Min,1,15,75
346,01:15 Min,1,15,75
348B,01:15 Min,1,15,75
349M,01:15 Min,1,15,75
350A,01:15 Min,1,15,75
351C,01:15 Min,1,15,75
356CB,01:15 Min,1,15,75
356D,01:15 Min,1,15,75
356E,01:15 Min,1,15,75
357,01:15 Min,1,15,75
365E,01:15 Min,1,15,75
366B,01:15 Min,1,15,75
366C,01:15 Min,1,15,75
366L,01:15 Min,1,15,75
367,01:15 Min,1,15,75
368,01:15 Min,1,15,75
369J,01:15 Min,1,15,75
372C,01:15 Min,1,15,75
374C,01:15 Min,1,15,75
401BC,01:15 Min,1,15,75
401MD,01:15 Min,1,15,75
410M,01:15 Min,1,15,75
415H,01:15 Min,1,15,75
500C,01:15 Min,1,15,75
501GA,01:15 Min,1,15,75
502HB,01:15 Min,1,15,75
502J,01:15 Min,1,15,75
502M,01:15 Min,1,15,75
504D,01:15 Min,1,15,75
FDR-1,01:20 Min,1,20,80
G-4,01:20 Min,1,20,80
MBS-11,01:20 Min,1,20,80
MBS-12,01:20 Min,1,20,80
13S,01:20 Min,1,20,80
60J,01:20 Min,1,20,80
181,01:20 Min,1,20,80
181A,01:20 Min,1,20,80
184,01:20 Min,1,20,80
189,01:20 Min,1,20,80
195,01:20 Min,1,20,80
201J,01:20 Min,1,20,80
211D,01:20 Min,1,20,80
211DA,01:20 Min,1,20,80
211H,01:20 Min,1,20,80
211J,01:20 Min,1,20,80
211K,01:20 Min,1,20,80
211P,01:20 Min,1,20,80
212M,01:20 Min,1,20,80
213E,01:20 Min,1,20,80
213L,01:20 Min,1,20,80
214D,01:20 Min,1,20,80
214K,01:20 Min,1,20,80
215W,01:20 Min,1,20,80
220D,01:20 Min,1,20,80
222K,01:20 Min,1,20,80
226,01:20 Min,1,20,80
226D,01:20 Min,1,20,80
226E,01:20 Min,1,20,80
226J,01:20 Min,1,20,80
226L,01:20 Min,1,20,80
226T,01:20 Min,1,20,80
227E,01:20 Min,1,20,80
227P,01:20 Min,1,20,80
227S,01:20 Min,1,20,80
227VC,01:20 Min,1,20,80
228A,01:20 Min,1,20,80
228J,01:20 Min,1,20,80
231,01:20 Min,1,20,80
231D,01:20 Min,1,20,80
231G,01:20 Min,1,20,80
235C,01:20 Min,1,20,80
242E,01:20 Min,1,20,80
242F,01:20 Min,1,20,80
242FB,01:20 Min,1,20,80
242J,01:20 Min,1,20,80
242K,01:20 Min,1,20,80
242R,01:20 Min,1,20,80
242T,01:20 Min,1,20,80
242TB,01:20 Min,1,20,80
242U,01:20 Min,1,20,80
245B,01:20 Min,1,20,80
247,01:20 Min,1,20,80
248AB,01:20 Min,1,20,80
250G,01:20 Min,1,20,80
253Q,01:20 Min,1,20,80
254D,01:20 Min,1,20,80
254E,01:20 Min,1,20,80
255D,01:20 Min,1,20,80
256,01:20 Min,1,20,80
256D,01:20 Min,1,20,80
258B,01:20 Min,1,20,80
265D,01:20 Min,1,20,80
266D,01:20 Min,1,20,80
266E,01:20 Min,1,20,80
266K,01:20 Min,1,20,80
266T,01:20 Min,1,20,80
282A,01:20 Min,1,20,80
282E,01:20 Min,1,20,80
285B,01:20 Min,1,20,80
285D,01:20 Min,1,20,80
285J,01:20 Min,1,20,80
285V,01:20 Min,1,20,80
285X,01:20 Min,1,20,80
285Z,01:20 Min,1,20,80
291P,01:20 Min,1,20,80
293B,01:20 Min,1,20,80
293E,01:20 Min,1,20,80
293L,01:20 Min,1,20,80
293S,01:20 Min,1,20,80
296A,01:20 Min,1,20,80
296F,01:20 Min,1,20,80
296K,01:20 Min,1,20,80
296N,01:20 Min,1,20,80
297M,01:20 Min,1,20,80
298,01:20 Min,1,20,80
299E,01:20 Min,1,20,80
300MB,01:20 Min,1,20,80
305C,01:20 Min,1,20,80
305D,01:20 Min,1,20,80
305F,01:20 Min,1,20,80
305M,01:20 Min,1,20,80
306,01:20 Min,1,20,80
306K,01:20 Min,1,20,80
306R,01:20 Min,1,20,80
308,01:20 Min,1,20,80
316,01:20 Min,1,20,80
316Y,01:20 Min,1,20,80
317G,01:20 Min,1,20,80
318,01:20 Min,1,20,80
319C,01:20 Min,1,20,80
320A,01:20 Min,1,20,80
321,01:20 Min,1,20,80
321E,01:20 Min,1,20,80
323C,01:20 Min,1,20,80
325,01:20 Min,1,20,80
326C,01:20 Min,1,20,80
327B,01:20 Min,1,20,80
327D,01:20 Min,1,20,80
328,01:20 Min,1,20,80
328F,01:20 Min,1,20,80
329,01:20 Min,1,20,80
329B,01:20 Min,1,20,80
329E,01:20 Min,1,20,80
329J,01:20 Min,1,20,80
330,01:20 Min,1,20,80
331E,01:20 Min,1,20,80
339E,01:20 Min,1,20,80
340J,01:20 Min,1,20,80
341,01:20 Min,1,20,80
342E,01:20 Min,1,20,80
342N,01:20 Min,1,20,80
343,01:20 Min,1,20,80
345A,01:20 Min,1,20,80
346A,01:20 Min,1,20,80
346K,01:20 Min,1,20,80
349E,01:20 Min,1,20,80
349J,01:20 Min,1,20,80
350G,01:20 Min,1,20,80
351,01:20 Min,1,20,80
352,01:20 Min,1,20,80
352E,01:20 Min,1,20,80
353,01:20 Min,1,20,80
353A,01:20 Min,1,20,80
353E,01:20 Min,1,20,80
355A,01:20 Min,1,20,80
357A,01:20 Min,1,20,80
364C,01:20 Min,1,20,80
365C,01:20 Min,1,20,80
365J,01:20 Min,1,20,80
366D,01:20 Min,1,20,80
366H,01:20 Min,1,20,80
366N,01:20 Min,1,20,80
366Q,01:20 Min,1,20,80
378M,01:20 Min,1,20,80
381C,01:20 Min,1,20,80
401AE,01:20 Min,1,20,80
401G,01:20 Min,1,20,80
401MC,01:20 Min,1,20,80
401RC,01:20 Min,1,20,80
404,01:20 Min,1,20,80
500B,01:20 Min,1,20,80
500BA,01:20 Min,1,20,80
500R,01:20 Min,1,20,80
501C,01:20 Min,1,20,80
501L,01:20 Min,1,20,80
502H,01:20 Min,1,20,80
502HA,01:20 Min,1,20,80
503,01:20 Min,1,20,80
1,01:25 Min,1,25,85
G-2,01:25 Min,1,25,85
FDR-7,01:25 Min,1,25,85
G-8,01:25 Min,1,25,85
BC-9B,01:25 Min,1,25,85
MBS-9,01:25 Min,1,25,85
G-12,01:25 Min,1,25,85
14B,01:25 Min,1,25,85
47,01:25 Min,1,25,85
100E,01:25 Min,1,25,85
176,01:25 Min,1,25,85
201U,01:25 Min,1,25,85
211F,01:25 Min,1,25,85
211L,01:25 Min,1,25,85
211Q,01:25 Min,1,25,85
213,01:25 Min,1,25,85
213J,01:25 Min,1,25,85
213K,01:25 Min,1,25,85
214A,01:25 Min,1,25,85
214E,01:25 Min,1,25,85
215HB,01:25 Min,1,25,85
222M,01:25 Min,1,25,85
226K,01:25 Min,1,25,85
226N,01:25 Min,1,25,85
226Q,01:25 Min,1,25,85
226R,01:25 Min,1,25,85
227B,01:25 Min,1,25,85
227NA,01:25 Min,1,25,85
227Q,01:25 Min,1,25,85
228H,01:25 Min,1,25,85
231E,01:25 Min,1,25,85
242JK,01:25 Min,1,25,85
245L,01:25 Min,1,25,85
245MA,01:25 Min,1,25,85
248,01:25 Min,1,25,85
248B,01:25 Min,1,25,85
253,01:25 Min,1,25,85
255A,01:25 Min,1,25,85
255F,01:25 Min,1,25,85
255J,01:25 Min,1,25,85
256K,01:25 Min,1,25,85
258C,01:25 Min,1,25,85
258GA,01:25 Min,1,25,85
270HA,01:25 Min,1,25,85
271,01:25 Min,1,25,85
271R,01:25 Min,1,25,85
280F,01:25 Min,1,25,85
282C,01:25 Min,1,25,85
282F,01:25 Min,1,25,85
283B,01:25 Min,1,25,85
283D,01:25 Min,1,25,85
285K,01:25 Min,1,25,85
285MA,01:25 Min,1,25,85
289E,01:25 Min,1,25,85
289M,01:25 Min,1,25,85
290R,01:25 Min,1,25,85
293H,01:25 Min,1,25,85
293M,01:25 Min,1,25,85
298MB,01:25 Min,1,25,85
298MK,01:25 Min,1,25,85
304,01:25 Min,1,25,85
304B,01:25 Min,1,25,85
304T,01:25 Min,1,25,85
305E,01:25 Min,1,25,85
315,01:25 Min,1,25,85
316B,01:25 Min,1,25,85
316C,01:25 Min,1,25,85
316E,01:25 Min,1,25,85
316J,01:25 Min,1,25,85
316N,01:25 Min,1,25,85
317A,01:25 Min,1,25,85
321G,01:25 Min,1,25,85
323A,01:25 Min,1,25,85
323F,01:25 Min,1,25,85
323G,01:25 Min,1,25,85
323H,01:25 Min,1,25,85
323L,01:25 Min,1,25,85
324A,01:25 Min,1,25,85
325A,01:25 Min,1,25,85
327E,01:25 Min,1,25,85
328E,01:25 Min,1,25,85
328G,01:25 Min,1,25,85
328HA,01:25 Min,1,25,85
329H,01:25 Min,1,25,85
333E,01:25 Min,1,25,85
335AA,01:25 Min,1,25,85
342JB,01:25 Min,1,25,85
342R,01:25 Min,1,25,85
345,01:25 Min,1,25,85
345C,01:25 Min,1,25,85
350,01:25 Min,1,25,85
351A,01:25 Min,1,25,85
351H,01:25 Min,1,25,85
352A,01:25 Min,1,25,85
354,01:25 Min,1,25,85
354C,01:25 Min,1,25,85
356F,01:25 Min,1,25,85
356K,01:25 Min,1,25,85
361,01:25 Min,1,25,85
361A,01:25 Min,1,25,85
365,01:25 Min,1,25,85
365D,01:25 Min,1,25,85
366MA,01:25 Min,1,25,85
370,01:25 Min,1,25,85
372F,01:25 Min,1,25,85
375B,01:25 Min,1,25,85
380G,01:25 Min,1,25,85
398B,01:25 Min,1,25,85
401H,01:25 Min,1,25,85
401JA,01:25 Min,1,25,85
401JC,01:25 Min,1,25,85
401Y,01:25 Min,1,25,85
408,01:25 Min,1,25,85
500CA,01:25 Min,1,25,85
502V,01:25 Min,1,25,85
507,01:25 Min,1,25,85
507A,01:25 Min,1,25,85
600CA,01:25 Min,1,25,85
TR-4,01:30 Min,1,30,90
TR-4A,01:30 Min,1,30,90
15A,01:30 Min,1,30,90
61A,01:30 Min,1,30,90
138,01:30 Min,1,30,90
138A,01:30 Min,1,30,90
213F,01:30 Min,1,30,90
213FA,01:30 Min,1,30,90
213G,01:30 Min,1,30,90
213H,01:30 Min,1,30,90
213N,01:30 Min,1,30,90
213Q,01:30 Min,1,30,90
214,01:30 Min,1,30,90
214B,01:30 Min,1,30,90
214H,01:30 Min,1,30,90
216,01:30 Min,1,30,90
221,01:30 Min,1,30,90
221B,01:30 Min,1,30,90
226H,01:30 Min,1,30,90
226U,01:30 Min,1,30,90
227F,01:30 Min,1,30,90
227K,01:30 Min,1,30,90
227RC,01:30 Min,1,30,90
228L,01:30 Min,1,30,90
229D,01:30 Min,1,30,90
231A,01:30 Min,1,30,90
231C,01:30 Min,1,30,90
231L,01:30 Min,1,30,90
240P,01:30 Min,1,30,90
241S,01:30 Min,1,30,90
242TA,01:30 Min,1,30,90
242TD,01:30 Min,1,30,90
242Y,01:30 Min,1,30,90
245A,01:30 Min,1,30,90
248K,01:30 Min,1,30,90
248L,01:30 Min,1,30,90
248R,01:30 Min,1,30,90
251,01:30 Min,1,30,90
251B,01:30 Min,1,30,90
252,01:30 Min,1,30,90
253R,01:30 Min,1,30,90
253W,01:30 Min,1,30,90
254C,01:30 Min,1,30,90
255,01:30 Min,1,30,90
255C,01:30 Min,1,30,90
255E,01:30 Min,1,30,90
258,01:30 Min,1,30,90
258CB,01:30 Min,1,30,90
258CC,01:30 Min,1,30,90
258E,01:30 Min,1,30,90
258G,01:30 Min,1,30,90
258T,01:30 Min,1,30,90
258VD,01:30 Min,1,30,90
263C,01:30 Min,1,30,90
265E,01:30 Min,1,30,90
266,01:30 Min,1,30,90
279F,01:30 Min,1,30,90
282B,01:30 Min,1,30,90
284,01:30 Min,1,30,90
284A,01:30 Min,1,30,90
285C,01:30 Min,1,30,90
285E,01:30 Min,1,30,90
285F,01:30 Min,1,30,90
285H,01:30 Min,1,30,90
285JA,01:30 Min,1,30,90
285L,01:30 Min,1,30,90
285RA,01:30 Min,1,30,90
285w,01:30 Min,1,30,90
285Y,01:30 Min,1,30,90
289C,01:30 Min,1,30,90
289H,01:30 Min,1,30,90
289L,01:30 Min,1,30,90
290,01:30 Min,1,30,90
291K,01:30 Min,1,30,90
293F,01:30 Min,1,30,90
293J,01:30 Min,1,30,90
298C,01:30 Min,1,30,90
298ME,01:30 Min,1,30,90
298Y,01:30 Min,1,30,90
300T,01:30 Min,1,30,90
304L,01:30 Min,1,30,90
304VA,01:30 Min,1,30,90
305,01:30 Min,1,30,90
305A,01:30 Min,1,30,90
305B,01:30 Min,1,30,90
305G,01:30 Min,1,30,90
305H,01:30 Min,1,30,90
305S,01:30 Min,1,30,90
306A,01:30 Min,1,30,90
306C,01:30 Min,1,30,90
306F,01:30 Min,1,30,90
306H,01:30 Min,1,30,90
306J,01:30 Min,1,30,90
306Q,01:30 Min,1,30,90
306T,01:30 Min,1,30,90
308B,01:30 Min,1,30,90
315J,01:30 Min,1,30,90
316A,01:30 Min,1,30,90
316K,01:30 Min,1,30,90
316T,01:30 Min,1,30,90
317B,01:30 Min,1,30,90
317C,01:30 Min,1,30,90
317E,01:30 Min,1,30,90
317T,01:30 Min,1,30,90
318A,01:30 Min,1,30,90
318E,01:30 Min,1,30,90
319,01:30 Min,1,30,90
321C,01:30 Min,1,30,90
321D,01:30 Min,1,30,90
322D,01:30 Min,1,30,90
323E,01:30 Min,1,30,90
323J,01:30 Min,1,30,90
323M,01:30 Min,1,30,90
323N,01:30 Min,1,30,90
327A,01:30 Min,1,30,90
327F,01:30 Min,1,30,90
329C,01:30 Min,1,30,90
342K,01:30 Min,1,30,90
342U,01:30 Min,1,30,90
343E,01:30 Min,1,30,90
344A,01:30 Min,1,30,90
346F,01:30 Min,1,30,90
349K,01:30 Min,1,30,90
350B,01:30 Min,1,30,90
354A,01:30 Min,1,30,90
356B,01:30 Min,1,30,90
360N,01:30 Min,1,30,90
362F,01:30 Min,1,30,90
362S,01:30 Min,1,30,90
365B,01:30 Min,1,30,90
365F,01:30 Min,1,30,90
365N,01:30 Min,1,30,90
365Q,01:30 Min,1,30,90
366,01:30 Min,1,30,90
366BA,01:30 Min,1,30,90
366F,01:30 Min,1,30,90
366R,01:30 Min,1,30,90
366T,01:30 Min,1,30,90
366V,01:30 Min,1,30,90
366W,01:30 Min,1,30,90
369P,01:30 Min,1,30,90
370B,01:30 Min,1,30,90
371D,01:30 Min,1,30,90
372B,01:30 Min,1,30,90
372J,01:30 Min,1,30,90
374MA,01:30 Min,1,30,90
378D,01:30 Min,1,30,90
378G,01:30 Min,1,30,90
380,01:30 Min,1,30,90
380F,01:30 Min,1,30,90
382,01:30 Min,1,30,90
399C,01:30 Min,1,30,90
399D,01:30 Min,1,30,90
401,01:30 Min,1,30,90
401Q,01:30 Min,1,30,90
500DA,01:30 Min,1,30,90
500F,01:30 Min,1,30,90
500QK,01:30 Min,1,30,90
501N,01:30 Min,1,30,90
502K,01:30 Min,1,30,90
506A,01:30 Min,1,30,90
600A,01:30 Min,1,30,90
600C,01:30 Min,1,30,90
G-1,01:35 Min,1,35,95
MBS-8,01:35 Min,1,35,95
74,01:35 Min,1,35,95
94E,01:35 Min,1,35,95
201A,01:35 Min,1,35,95
201S,01:35 Min,1,35,95
211R,01:35 Min,1,35,95
213M,01:35 Min,1,35,95
213QA,01:35 Min,1,35,95
214C,01:35 Min,1,35,95
215Z,01:35 Min,1,35,95
226G,01:35 Min,1,35,95
226V,01:35 Min,1,35,95
227L,01:35 Min,1,35,95
227R,01:35 Min,1,35,95
227U,01:35 Min,1,35,95
227W,01:35 Min,1,35,95
231F,01:35 Min,1,35,95
231J,01:35 Min,1,35,95
231K,01:35 Min,1,35,95
242AA,01:35 Min,1,35,95
242L,01:35 Min,1,35,95
242P,01:35 Min,1,35,95
253E,01:35 Min,1,35,95
253P,01:35 Min,1,35,95
258A,01:35 Min,1,35,95
258AB,01:35 Min,1,35,95
258YA,01:35 Min,1,35,95
281G,01:35 Min,1,35,95
285G,01:35 Min,1,35,95
285N,01:35 Min,1,35,95
285P,01:35 Min,1,35,95
289F,01:35 Min,1,35,95
289R,01:35 Min,1,35,95
291L,01:35 Min,1,35,95
298M,01:35 Min,1,35,95
304D,01:35 Min,1,35,95
304N,01:35 Min,1,35,95
305J,01:35 Min,1,35,95
306L,01:35 Min,1,35,95
317,01:35 Min,1,35,95
317M,01:35 Min,1,35,95
317MA,01:35 Min,1,35,95
322,01:35 Min,1,35,95
322A,01:35 Min,1,35,95
323D,01:35 Min,1,35,95
326E,01:35 Min,1,35,95
327H,01:35 Min,1,35,95
329F,01:35 Min,1,35,95
333,01:35 Min,1,35,95
334E,01:35 Min,1,35,95
340L,01:35 Min,1,35,95
342T,01:35 Min,1,35,95
342V,01:35 Min,1,35,95
342VA,01:35 Min,1,35,95
342WA,01:35 Min,1,35,95
356A,01:35 Min,1,35,95
360Q,01:35 Min,1,35,95
361K,01:35 Min,1,35,95
365W,01:35 Min,1,35,95
371A,01:35 Min,1,35,95
375J,01:35 Min,1,35,95
382B,01:35 Min,1,35,95
383A,01:35 Min,1,35,95
401AC,01:35 Min,1,35,95
401AG,01:35 Min,1,35,95
407,01:35 Min,1,35,95
412,01:35 Min,1,35,95
500G,01:35 Min,1,35,95
507B,01:35 Min,1,35,95
510A,01:35 Min,1,35,95
K-4,01:40 Min,1,40,100
MF-4,01:40 Min,1,40,100
K-5,01:40 Min,1,40,100
FDR-6,01:40 Min,1,40,100
K-6,01:40 Min,1,40,100
65B,01:40 Min,1,40,100
86E,01:40 Min,1,40,100
212B,01:40 Min,1,40,100
213DA,01:40 Min,1,40,100
213P,01:40 Min,1,40,100
213V,01:40 Min,1,40,100
226P,01:40 Min,1,40,100
226S,01:40 Min,1,40,100
227V,01:40 Min,1,40,100
227VB,01:40 Min,1,40,100
242JA,01:40 Min,1,40,100
242X,01:40 Min,1,40,100
251A,01:40 Min,1,40,100
251G,01:40 Min,1,40,100
258K,01:40 Min,1,40,100
258P,01:40 Min,1,40,100
258SA,01:40 Min,1,40,100
258TA,01:40 Min,1,40,100
258TB,01:40 Min,1,40,100
258VB,01:40 Min,1,40,100
258VF,01:40 Min,1,40,100
264,01:40 Min,1,40,100
264A,01:40 Min,1,40,100
266C,01:40 Min,1,40,100
283,01:40 Min,1,40,100
284D,01:40 Min,1,40,100
285CA,01:40 Min,1,40,100
285CB,01:40 Min,1,40,100
285CC,01:40 Min,1,40,100
285R,01:40 Min,1,40,100
289K,01:40 Min,1,40,100
290NA,01:40 Min,1,40,100
298MA,01:40 Min,1,40,100
304H,01:40 Min,1,40,100
304S,01:40 Min,1,40,100
304X,01:40 Min,1,40,100
305P,01:40 Min,1,40,100
306D,01:40 Min,1,40,100
306G,01:40 Min,1,40,100
306S,01:40 Min,1,40,100
317W,01:40 Min,1,40,100
317Z,01:40 Min,1,40,100
322M,01:40 Min,1,40,100
323,01:40 Min,1,40,100
323B,01:40 Min,1,40,100
328B,01:40 Min,1,40,100
330C,01:40 Min,1,40,100
335K,01:40 Min,1,40,100
342L,01:40 Min,1,40,100
342Y,01:40 Min,1,40,100
342Z,01:40 Min,1,40,100
344D,01:40 Min,1,40,100
345E,01:40 Min,1,40,100
349F,01:40 Min,1,40,100
351J,01:40 Min,1,40,100
354B,01:40 Min,1,40,100
355E,01:40 Min,1,40,100
356H,01:40 Min,1,40,100
359A,01:40 Min,1,40,100
360D,01:40 Min,1,40,100
360E,01:40 Min,1,40,100
360P,01:40 Min,1,40,100
366KA,01:40 Min,1,40,100
372G,01:40 Min,1,40,100
377B,01:40 Min,1,40,100
378,01:40 Min,1,40,100
378A,01:40 Min,1,40,100
378F,01:40 Min,1,40,100
380C,01:40 Min,1,40,100
380E,01:40 Min,1,40,100
380H,01:40 Min,1,40,100
381,01:40 Min,1,40,100
381E,01:40 Min,1,40,100
381F,01:40 Min,1,40,100
381G,01:40 Min,1,40,100
399A,01:40 Min,1,40,100
401RD,01:40 Min,1,40,100
407F,01:40 Min,1,40,100
500D,01:40 Min,1,40,100
502D,01:40 Min,1,40,100
502HE,01:40 Min,1,40,100
506,01:40 Min,1,40,100
1E,01:45 Min,1,45,105
FDR-5,01:45 Min,1,45,105
MBS-6,01:45 Min,1,45,105
TR-10,01:45 Min,1,45,105
MBS-17,01:45 Min,1,45,105
201M,01:45 Min,1,45,105
V-201R,01:45 Min,1,45,105
211N,01:45 Min,1,45,105
211RA,01:45 Min,1,45,105
213D,01:45 Min,1,45,105
214G,01:45 Min,1,45,105
214L,01:45 Min,1,45,105
226M,01:45 Min,1,45,105
226VA,01:45 Min,1,45,105
241B,01:45 Min,1,45,105
242MA,01:45 Min,1,45,105
242PA,01:45 Min,1,45,105
242TE,01:45 Min,1,45,105
245H,01:45 Min,1,45,105
248BA,01:45 Min,1,45,105
248M,01:45 Min,1,45,105
253A,01:45 Min,1,45,105
253D,01:45 Min,1,45,105
253T,01:45 Min,1,45,105
258KA,01:45 Min,1,45,105
258Q,01:45 Min,1,45,105
258QA,01:45 Min,1,45,105
258S,01:45 Min,1,45,105
258VA,01:45 Min,1,45,105
258VC,01:45 Min,1,45,105
258W,01:45 Min,1,45,105
285M,01:45 Min,1,45,105
285MK,01:45 Min,1,45,105
289D,01:45 Min,1,45,105
290RA,01:45 Min,1,45,105
297,01:45 Min,1,45,105
297A,01:45 Min,1,45,105
298MG,01:45 Min,1,45,105
301D,01:45 Min,1,45,105
301R,01:45 Min,1,45,105
304E,01:45 Min,1,45,105
304V,01:45 Min,1,45,105
304Z,01:45 Min,1,45,105
305K,01:45 Min,1,45,105
305N,01:45 Min,1,45,105
305R,01:45 Min,1,45,105
306E,01:45 Min,1,45,105
306M,01:45 Min,1,45,105
306MA,01:45 Min,1,45,105
306P,01:45 Min,1,45,105
316D,01:45 Min,1,45,105
316M,01:45 Min,1,45,105
317SA,01:45 Min,1,45,105
317TD,01:45 Min,1,45,105
317V,01:45 Min,1,45,105
317Y,01:45 Min,1,45,105
317YE,01:45 Min,1,45,105
327G,01:45 Min,1,45,105
328HB,01:45 Min,1,45,105
340D,01:45 Min,1,45,105
342F,01:45 Min,1,45,105
MP-342F,01:45 Min,1,45,105
353C,01:45 Min,1,45,105
355D,01:45 Min,1,45,105
358,01:45 Min,1,45,105
360C,01:45 Min,1,45,105
360J,01:45 Min,1,45,105
360K,01:45 Min,1,45,105
360M,01:45 Min,1,45,105
362K,01:45 Min,1,45,105
372A,01:45 Min,1,45,105
372E,01:45 Min,1,45,105
374M,01:45 Min,1,45,105
380B,01:45 Min,1,45,105
381D,01:45 Min,1,45,105
382C,01:45 Min,1,45,105
382D,01:45 Min,1,45,105
383,01:45 Min,1,45,105
383B,01:45 Min,1,45,105
383C,01:45 Min,1,45,105
401J,01:45 Min,1,45,105
401RB,01:45 Min,1,45,105
401Z,01:45 Min,1,45,105
402M,01:45 Min,1,45,105
411B,01:45 Min,1,45,105
500A,01:45 Min,1,45,105
500AB,01:45 Min,1,45,105
502HC,01:45 Min,1,45,105
211M,01:50 Min,1,50,110
213DC,01:50 Min,1,50,110
217,01:50 Min,1,50,110
227BA,01:50 Min,1,50,110
231P,01:50 Min,1,50,110
240J,01:50 Min,1,50,110
253F,01:50 Min,1,50,110
253HC,01:50 Min,1,50,110
253N,01:50 Min,1,50,110
258TC,01:50 Min,1,50,110
258VG,01:50 Min,1,50,110
285MG,01:50 Min,1,50,110
289B,01:50 Min,1,50,110
293D,01:50 Min,1,50,110
297B,01:50 Min,1,50,110
298MC,01:50 Min,1,50,110
304J,01:50 Min,1,50,110
304M,01:50 Min,1,50,110
304P,01:50 Min,1,50,110
305L,01:50 Min,1,50,110
305Q,01:50 Min,1,50,110
317YD,01:50 Min,1,50,110
328H,01:50 Min,1,50,110
342MA,01:50 Min,1,50,110
344E,01:50 Min,1,50,110
355Q,01:50 Min,1,50,110
360H,01:50 Min,1,50,110
370A,01:50 Min,1,50,110
372M,01:50 Min,1,50,110
381H,01:50 Min,1,50,110
381J,01:50 Min,1,50,110
399,01:50 Min,1,50,110
399E,01:50 Min,1,50,110
401MK,01:50 Min,1,50,110
401N,01:50 Min,1,50,110
414,01:50 Min,1,50,110
213Z,01:55 Min,1,55,115
227A,01:55 Min,1,55,115
227VA,01:55 Min,1,55,115
251M,01:55 Min,1,55,115
265,01:55 Min,1,55,115
265A,01:55 Min,1,55,115
285JB,01:55 Min,1,55,115
306B,01:55 Min,1,55,115
317N,01:55 Min,1,55,115
317YA,01:55 Min,1,55,115
342M,01:55 Min,1,55,115
356M,01:55 Min,1,55,115
356Z,01:55 Min,1,55,115
358A,01:55 Min,1,55,115
361C,01:55 Min,1,55,115
365M,01:55 Min,1,55,115
372,01:55 Min,1,55,115
383D,01:55 Min,1,55,115
401B,01:55 Min,1,55,115
401KA,01:55 Min,1,55,115
401T,01:55 Min,1,55,115
500H,01:55 Min,1,55,115
500L,01:55 Min,1,55,115
MP-501A,01:55 Min,1,55,115
12E,02:00 Min,2,0,120
60C,02:00 Min,2,0,120
201L,02:00 Min,2,0,120
213DB,02:00 Min,2,0,120
215ZA,02:00 Min,2,0,120
221L,02:00 Min,2,0,120
226NA,02:00 Min,2,0,120
226SB,02:00 Min,2,0,120
226VB,02:00 Min,2,0,120
226VC,02:00 Min,2,0,120
227UB,02:00 Min,2,0,120
227Z,02:00 Min,2,0,120
227ZA,02:00 Min,2,0,120
228K,02:00 Min,2,0,120
242ZB,02:00 Min,2,0,120
243M,02:00 Min,2,0,120
248J,02:00 Min,2,0,120
248Z,02:00 Min,2,0,120
253K,02:00 Min,2,0,120
256M,02:00 Min,2,0,120
258M,02:00 Min,2,0,120
258SD,02:00 Min,2,0,120
258WA,02:00 Min,2,0,120
275A,02:00 Min,2,0,120
285RB,02:00 Min,2,0,120
304Q,02:00 Min,2,0,120
304R,02:00 Min,2,0,120
316R,02:00 Min,2,0,120
317Q,02:00 Min,2,0,120
317YB,02:00 Min,2,0,120
327C,02:00 Min,2,0,120
365P,02:00 Min,2,0,120
373M,02:00 Min,2,0,120
377A,02:00 Min,2,0,120
380N,02:00 Min,2,0,120
381K,02:00 Min,2,0,120
401K,02:00 Min,2,0,120
401R,02:00 Min,2,0,120
401RA,02:00 Min,2,0,120
401X,02:00 Min,2,0,120
410,02:00 Min,2,0,120
410D,02:00 Min,2,0,120
500AA,02:00 Min,2,0,120
501A,02:00 Min,2,0,120
MBS-24,02:05 Min,2,5,125
219A,02:05 Min,2,5,125
221J,02:05 Min,2,5,125
242W,02:05 Min,2,5,125
253H,02:05 Min,2,5,125
285MF,02:05 Min,2,5,125
500DC,02:05 Min,2,5,125
502A,02:05 Min,2,5,125
K-1,02:10 Min,2,10,130
D-6,02:10 Min,2,10,130
201,02:10 Min,2,10,130
258V,02:10 Min,2,10,130
275B,02:10 Min,2,10,130
366P,02:10 Min,2,10,130
382M,02:10 Min,2,10,130
366Z,02:15 Min,2,15,135
502,02:15 Min,2,15,135
241M,02:20 Min,2,20,140
227M,02:25 Min,2,25,145
382A,02:25 Min,2,25,145
399F,02:25 Min,2,25,145
MBS-21,02:30 Min,2,30,150
240M,02:30 Min,2,30,150
242VC,02:30 Min,2,30,150
258BN,02:30 Min,2,30,150
377,02:30 Min,2,30,150
401E,02:30 Min,2,30,150
411J,02:30 Min,2,30,150
406,02:35 Min,2,35,155
356J,02:40 Min,2,40,160
398H,02:40 Min,2,40,160
407B,02:40 Min,2,40,160
407C,02:40 Min,2,40,160
224E,02:45 Min,2,45,165
240K,02:45 Min,2,45,165
333L,02:50 Min,2,50,170
409A,03:00 Min,3,0,180
201N,03:25 Min,3,25,205
500,03:30 Min,3,30,210
501,03:30 Min,3,30,210
501B,03:30 Min,3,30,210
600,05:15 Min,5,15,315
211U,01:00 Min,1,0,60
211AA,01:15 Min,1,15,75
215NC,01:10 Min,1,10,70
163E,01:25 Min,1,25,85
3F-7,00:40 Min,0,40,40
